========================================================
  PIPELINE DE PREDIÇÃO DE DENGUE
  25/06/2026 16:05:00
========================================================
Diretório de dados : ../data
Arquivo CSV        : dengue_dataset.csv
Calendário SINAN   : ../data/sinan_calendario.txt
Diretório de apps  : /home/christian/Scientific_Initiation_Dashboard/Dashboard/DENGUE_PIPELINE 2 DEPLOY EMPTY (1)(1)/DENGUE_PIPELINE 2 DEPLOY EMPTY/bash_scripts/../apps

--------------------------------------------------------
ETAPA 1/3 — PREPROCESSAMENTO
--------------------------------------------------------
../data dengue_dataset.csv
reading time series from  ../data/dengue_dataset.csv
read  627  weeks:
 ['2014.01', '2014.01', '2014.02', '2014.03', '2014.04', '2014.05', '2014.06', '2014.07', '2014.08', '2015.01', '2015.01', '2015.02', '2015.03', '2015.04', '2015.05', '2015.06', '2015.07', '2015.08', '2016.01', '2016.01', '2016.02', '2016.03', '2016.04', '2016.05', '2016.06', '2016.07', '2016.08', '2017.01', '2017.01', '2017.02', '2017.03', '2017.04', '2017.05', '2017.06', '2017.07', '2017.08', '2018.01', '2018.01', '2018.02', '2018.03', '2018.04', '2018.05', '2018.06', '2018.07', '2018.08', '2019.01', '2019.01', '2019.02', '2019.03', '2019.04', '2019.05', '2019.06', '2019.07', '2019.08', '2020.01', '2020.01', '2020.02', '2020.03', '2020.04', '2020.05', '2020.06', '2020.07', '2020.08', '2021.01', '2021.01', '2021.02', '2021.03', '2021.04', '2021.05', '2021.06', '2021.07', '2021.08', '2022.01', '2022.01', '2022.02', '2022.03', '2022.04', '2022.05', '2022.06', '2022.07', '2022.08', '2023.01', '2023.01', '2023.02', '2023.03', '2023.04', '2023.05', '2023.06', '2023.07', '2023.08', '2024.01', '2024.01', '2024.02', '2024.03', '2024.04', '2024.05', '2024.06', '2024.07', '2024.08', '2025.01', '2025.01', '2025.02', '2025.03', '2025.04', '2025.05', '2025.06', '2025.07', '2025.08', '2014.09', '2014.10', '2014.11', '2014.12', '2014.13', '2014.14', '2014.15', '2014.16', '2014.17', '2014.18', '2014.19', '2014.20', '2014.21', '2014.22', '2014.23', '2014.24', '2014.25', '2014.26', '2014.27', '2014.28', '2014.29', '2014.30', '2014.31', '2014.32', '2014.33', '2014.34', '2014.35', '2014.36', '2014.37', '2014.38', '2014.39', '2014.40', '2014.41', '2014.42', '2014.43', '2014.44', '2014.45', '2014.46', '2014.47', '2014.48', '2014.49', '2014.50', '2014.51', '2014.52', '2015.09', '2015.10', '2015.11', '2015.12', '2015.13', '2015.14', '2015.15', '2015.16', '2015.17', '2015.18', '2015.19', '2015.20', '2015.21', '2015.22', '2015.23', '2015.24', '2015.25', '2015.26', '2015.27', '2015.28', '2015.29', '2015.30', '2015.31', '2015.32', '2015.33', '2015.34', '2015.35', '2015.36', '2015.37', '2015.38', '2015.39', '2015.40', '2015.41', '2015.42', '2015.43', '2015.44', '2015.45', '2015.46', '2015.47', '2015.48', '2015.49', '2015.50', '2015.51', '2016.09', '2016.10', '2016.11', '2016.12', '2016.13', '2016.14', '2016.15', '2016.16', '2016.17', '2016.18', '2016.19', '2016.20', '2016.21', '2016.22', '2016.23', '2016.24', '2016.25', '2016.26', '2016.27', '2016.28', '2016.29', '2016.30', '2016.31', '2016.32', '2016.33', '2016.34', '2016.35', '2016.36', '2016.37', '2016.38', '2016.39', '2016.40', '2016.41', '2016.42', '2016.43', '2016.44', '2016.45', '2016.46', '2016.47', '2016.48', '2016.49', '2016.50', '2016.51', '2017.09', '2017.10', '2017.11', '2017.12', '2017.13', '2017.14', '2017.15', '2017.16', '2017.17', '2017.18', '2017.19', '2017.20', '2017.21', '2017.22', '2017.23', '2017.24', '2017.25', '2017.26', '2017.27', '2017.28', '2017.29', '2017.30', '2017.31', '2017.32', '2017.33', '2017.34', '2017.35', '2017.36', '2017.37', '2017.38', '2017.39', '2017.40', '2017.41', '2017.42', '2017.43', '2017.44', '2017.45', '2017.46', '2017.47', '2017.48', '2017.49', '2017.50', '2017.51', '2018.09', '2018.10', '2018.11', '2018.12', '2018.13', '2018.14', '2018.15', '2018.16', '2018.17', '2018.18', '2018.19', '2018.20', '2018.21', '2018.22', '2018.23', '2018.24', '2018.25', '2018.26', '2018.27', '2018.28', '2018.29', '2018.30', '2018.31', '2018.32', '2018.33', '2018.34', '2018.35', '2018.36', '2018.37', '2018.38', '2018.39', '2018.40', '2018.41', '2018.42', '2018.43', '2018.44', '2018.45', '2018.46', '2018.47', '2018.48', '2018.49', '2018.50', '2018.51', '2019.09', '2019.10', '2019.11', '2019.12', '2019.13', '2019.14', '2019.15', '2019.16', '2019.17', '2019.18', '2019.19', '2019.20', '2019.21', '2019.22', '2019.23', '2019.24', '2019.25', '2019.26', '2019.27', '2019.28', '2019.29', '2019.30', '2019.31', '2019.32', '2019.33', '2019.34', '2019.35', '2019.36', '2019.37', '2019.38', '2019.39', '2019.40', '2019.41', '2019.42', '2019.43', '2019.44', '2019.45', '2019.46', '2019.47', '2019.48', '2019.49', '2019.50', '2019.51', '2020.09', '2020.10', '2020.11', '2020.12', '2020.13', '2020.14', '2020.15', '2020.16', '2020.17', '2020.18', '2020.19', '2020.20', '2020.21', '2020.22', '2020.23', '2020.24', '2020.25', '2020.26', '2020.27', '2020.28', '2020.29', '2020.30', '2020.31', '2020.32', '2020.33', '2020.34', '2020.35', '2020.36', '2020.37', '2020.38', '2020.39', '2020.40', '2020.41', '2020.42', '2020.43', '2020.44', '2020.45', '2020.46', '2020.47', '2020.48', '2020.49', '2020.50', '2020.51', '2020.52', '2021.09', '2021.10', '2021.11', '2021.12', '2021.13', '2021.14', '2021.15', '2021.16', '2021.17', '2021.18', '2021.19', '2021.20', '2021.21', '2021.22', '2021.23', '2021.24', '2021.25', '2021.26', '2021.27', '2021.28', '2021.29', '2021.30', '2021.31', '2021.32', '2021.33', '2021.34', '2021.35', '2021.36', '2021.37', '2021.38', '2021.39', '2021.40', '2021.41', '2021.42', '2021.43', '2021.44', '2021.45', '2021.46', '2021.47', '2021.48', '2021.49', '2021.50', '2021.51', '2022.09', '2022.10', '2022.11', '2022.12', '2022.13', '2022.14', '2022.15', '2022.16', '2022.17', '2022.18', '2022.19', '2022.20', '2022.21', '2022.22', '2022.23', '2022.24', '2022.25', '2022.26', '2022.27', '2022.28', '2022.29', '2022.30', '2022.31', '2022.32', '2022.33', '2022.34', '2022.35', '2022.36', '2022.37', '2022.38', '2022.39', '2022.40', '2022.41', '2022.42', '2022.43', '2022.44', '2022.45', '2022.46', '2022.47', '2022.48', '2022.49', '2022.50', '2022.51', '2023.09', '2023.10', '2023.11', '2023.12', '2023.13', '2023.14', '2023.15', '2023.16', '2023.17', '2023.18', '2023.19', '2023.20', '2023.21', '2023.22', '2023.23', '2023.24', '2023.25', '2023.26', '2023.27', '2023.28', '2023.29', '2023.30', '2023.31', '2023.32', '2023.33', '2023.34', '2023.35', '2023.36', '2023.37', '2023.38', '2023.39', '2023.40', '2023.41', '2023.42', '2023.43', '2023.44', '2023.45', '2023.46', '2023.47', '2023.48', '2023.49', '2023.50', '2023.51', '2024.09', '2024.10', '2024.11', '2024.12', '2024.13', '2024.14', '2024.15', '2024.16', '2024.17', '2024.18', '2024.19', '2024.20', '2024.21', '2024.22', '2024.23', '2024.24', '2024.25', '2024.26', '2024.27', '2024.28', '2024.29', '2024.30', '2024.31', '2024.32', '2024.33', '2024.34', '2024.35', '2024.36', '2024.37', '2024.38', '2024.39', '2024.40', '2024.41', '2024.42', '2024.43', '2024.44', '2024.45', '2024.46', '2024.47', '2024.48', '2024.49', '2024.50', '2024.51', '2025.09', '2025.10', '2025.11', '2025.12', '2025.13', '2025.14', '2025.15', '2025.16', '2025.17', '2025.18', '2025.19', '2025.20', '2025.21', '2025.22', '2025.23', '2025.24', '2025.25', '2025.26', '2025.27', '2025.28', '2025.29', '2025.30', '2025.31', '2025.32', '2025.33', '2025.34', '2025.35', '2025.36', '2025.37', '2025.38', '2025.39', '2025.40', '2025.41', '2025.42', '2025.43', '2025.44', '2025.45', '2025.46', '2025.47', '2025.48', '2025.49', '2025.50', '2025.51', '2025.52']
processing data from 28 countries:
 ['Brasil', 'Acre', 'Alagoas', 'Amazonas', 'Bahia', 'Ceara', 'Distrito Federal', 'Espirito Santo', 'Goais', 'Maranhao', 'Minas Gerais', 'Mato Grosso do Sul', 'Mato Grosso', 'Paraiba', 'Pernambuco', 'Piaui', 'Parana', 'Rio de Janeiro', 'Rio Grande do Norte', 'Rondonia', 'Roraima', 'Sergipe', 'Sao Paulo', 'Tocantins', 'Amapa', 'Rio Grande do Sul', 'Santa Catarina', 'Para']
created output directory ../data/25.06.2026_16h_training_data/
smoothing series  Brasil
smoothing series  Acre
smoothing series  Alagoas
smoothing series  Amazonas
smoothing series  Bahia
smoothing series  Ceara
smoothing series  Distrito Federal
smoothing series  Espirito Santo
smoothing series  Goais
smoothing series  Maranhao
smoothing series  Minas Gerais
smoothing series  Mato Grosso do Sul
smoothing series  Mato Grosso
smoothing series  Paraiba
smoothing series  Pernambuco
smoothing series  Piaui
smoothing series  Parana
smoothing series  Rio de Janeiro
smoothing series  Rio Grande do Norte
smoothing series  Rondonia
smoothing series  Roraima
smoothing series  Sergipe
smoothing series  Sao Paulo
smoothing series  Tocantins
smoothing series  Amapa
smoothing series  Rio Grande do Sul
smoothing series  Santa Catarina
smoothing series  Para

Preprocessamento concluído.
Diretório de dados de treinamento: ../data/25.06.2026_16h_training_data
Países a processar: 28

--------------------------------------------------------
ETAPA 2/3 — TREINAMENTO
--------------------------------------------------------
  Treinando: Brasil
run_code  25.06.2026_16h
file found ../data/25.06.2026_16h_training_data/Brasil_time_series_weeks_2014.01-2025.52.csv
created output directory ../results/training_and_test/25.06.2026_16h
created output directory ../results/models/25.06.2026_16h
saved training and test timeseries for country Brasil
training data shape> input:  (421, 14, 1)  output:  (421, 4, 1)  training interval: [ '2014.01' , '2021.35' ]
test data shape> input:  (172, 14, 1)  output:  (172, 4, 1)  test interval: [ '2021.36' , '2025.52' ]
Dispositivo: cuda
model 0/50 is being trained
loss saved ....
model 1/50 is being trained
loss saved ....
model 2/50 is being trained
loss saved ....
model 3/50 is being trained
loss saved ....
model 4/50 is being trained
loss saved ....
model 5/50 is being trained
loss saved ....
model 6/50 is being trained
loss saved ....
model 7/50 is being trained
loss saved ....
model 8/50 is being trained
loss saved ....
model 9/50 is being trained
loss saved ....
model 10/50 is being trained
loss saved ....
model 11/50 is being trained
loss saved ....
model 12/50 is being trained
loss saved ....
model 13/50 is being trained
loss saved ....
model 14/50 is being trained
loss saved ....
model 15/50 is being trained
loss saved ....
model 16/50 is being trained
loss saved ....
model 17/50 is being trained
loss saved ....
model 18/50 is being trained
loss saved ....
model 19/50 is being trained
loss saved ....
model 20/50 is being trained
loss saved ....
model 21/50 is being trained
loss saved ....
model 22/50 is being trained
loss saved ....
model 23/50 is being trained
loss saved ....
model 24/50 is being trained
loss saved ....
model 25/50 is being trained
loss saved ....
model 26/50 is being trained
loss saved ....
model 27/50 is being trained
loss saved ....
model 28/50 is being trained
loss saved ....
model 29/50 is being trained
loss saved ....
model 30/50 is being trained
loss saved ....
model 31/50 is being trained
loss saved ....
model 32/50 is being trained
loss saved ....
model 33/50 is being trained
loss saved ....
model 34/50 is being trained
loss saved ....
model 35/50 is being trained
loss saved ....
model 36/50 is being trained
loss saved ....
model 37/50 is being trained
loss saved ....
model 38/50 is being trained
loss saved ....
model 39/50 is being trained
loss saved ....
model 40/50 is being trained
loss saved ....
model 41/50 is being trained
loss saved ....
model 42/50 is being trained
loss saved ....
model 43/50 is being trained
loss saved ....
model 44/50 is being trained
loss saved ....
model 45/50 is being trained
loss saved ....
model 46/50 is being trained
loss saved ....
model 47/50 is being trained
loss saved ....
model 48/50 is being trained
loss saved ....
model 49/50 is being trained
loss saved ....
time per run  0.019767279624938964  minutes
total time with  50  runs :  0.988364064693451  minutes
showing predictions in the test interval for week+1
prediction on test interval saved ...
showing predictions in the test interval for week+2
prediction on test interval saved ...
showing predictions in the test interval for week+3
prediction on test interval saved ...
showing predictions in the test interval for week+4
prediction on test interval saved ...
showing correlation of predicted vs real data in the test interval for week+1
correlation saved ...
showing correlation of predicted vs real data in the test interval for week+2
correlation saved ...
showing correlation of predicted vs real data in the test interval for week+3
correlation saved ...
showing correlation of predicted vs real data in the test interval for week+4
correlation saved ...
showing lower and upper bounds in test interval for week+1
saving figure to file
showing lower and upper bounds in test interval for week+2
saving figure to file
showing lower and upper bounds in test interval for week+3
saving figure to file
showing lower and upper bounds in test interval for week+4
saving figure to file
  OK: Brasil

  Treinando: Acre
run_code  25.06.2026_16h
file found ../data/25.06.2026_16h_training_data/Acre_time_series_weeks_2014.01-2025.52.csv
output directory ../results/training_and_test/25.06.2026_16h already exists. files will be rewritten ....
output directory ../results/models/25.06.2026_16h already exists. files will be rewritten ....
saved training and test timeseries for country Acre
training data shape> input:  (421, 14, 1)  output:  (421, 4, 1)  training interval: [ '2014.01' , '2021.35' ]
test data shape> input:  (172, 14, 1)  output:  (172, 4, 1)  test interval: [ '2021.36' , '2025.52' ]
Dispositivo: cuda
model 0/50 is being trained
loss saved ....
model 1/50 is being trained
loss saved ....
model 2/50 is being trained
loss saved ....
model 3/50 is being trained
loss saved ....
model 4/50 is being trained
loss saved ....
model 5/50 is being trained
loss saved ....
model 6/50 is being trained
loss saved ....
model 7/50 is being trained
loss saved ....
model 8/50 is being trained
loss saved ....
model 9/50 is being trained
loss saved ....
model 10/50 is being trained
loss saved ....
model 11/50 is being trained
loss saved ....
model 12/50 is being trained
loss saved ....
model 13/50 is being trained
loss saved ....
model 14/50 is being trained
loss saved ....
model 15/50 is being trained
loss saved ....
model 16/50 is being trained
loss saved ....
model 17/50 is being trained
loss saved ....
model 18/50 is being trained
loss saved ....
model 19/50 is being trained
loss saved ....
model 20/50 is being trained
loss saved ....
model 21/50 is being trained
loss saved ....
model 22/50 is being trained
loss saved ....
model 23/50 is being trained
loss saved ....
model 24/50 is being trained
loss saved ....
model 25/50 is being trained
loss saved ....
model 26/50 is being trained
loss saved ....
model 27/50 is being trained
loss saved ....
model 28/50 is being trained
loss saved ....
model 29/50 is being trained
loss saved ....
model 30/50 is being trained
loss saved ....
model 31/50 is being trained
loss saved ....
model 32/50 is being trained
loss saved ....
model 33/50 is being trained
loss saved ....
model 34/50 is being trained
loss saved ....
model 35/50 is being trained
loss saved ....
model 36/50 is being trained
loss saved ....
model 37/50 is being trained
loss saved ....
model 38/50 is being trained
loss saved ....
model 39/50 is being trained
loss saved ....
model 40/50 is being trained
loss saved ....
model 41/50 is being trained
loss saved ....
model 42/50 is being trained
loss saved ....
model 43/50 is being trained
loss saved ....
model 44/50 is being trained
loss saved ....
model 45/50 is being trained
loss saved ....
model 46/50 is being trained
loss saved ....
model 47/50 is being trained
loss saved ....
model 48/50 is being trained
loss saved ....
model 49/50 is being trained
loss saved ....
time per run  0.01905800700187683  minutes
total time with  50  runs :  0.9529004375139872  minutes
showing predictions in the test interval for week+1
prediction on test interval saved ...
showing predictions in the test interval for week+2
prediction on test interval saved ...
showing predictions in the test interval for week+3
prediction on test interval saved ...
showing predictions in the test interval for week+4
prediction on test interval saved ...
showing correlation of predicted vs real data in the test interval for week+1
correlation saved ...
showing correlation of predicted vs real data in the test interval for week+2
correlation saved ...
showing correlation of predicted vs real data in the test interval for week+3
correlation saved ...
showing correlation of predicted vs real data in the test interval for week+4
correlation saved ...
showing lower and upper bounds in test interval for week+1
saving figure to file
showing lower and upper bounds in test interval for week+2
saving figure to file
showing lower and upper bounds in test interval for week+3
saving figure to file
showing lower and upper bounds in test interval for week+4
saving figure to file
  OK: Acre

  Treinando: Alagoas
run_code  25.06.2026_16h
file found ../data/25.06.2026_16h_training_data/Alagoas_time_series_weeks_2014.01-2025.52.csv
output directory ../results/training_and_test/25.06.2026_16h already exists. files will be rewritten ....
output directory ../results/models/25.06.2026_16h already exists. files will be rewritten ....
saved training and test timeseries for country Alagoas
training data shape> input:  (421, 14, 1)  output:  (421, 4, 1)  training interval: [ '2014.01' , '2021.35' ]
test data shape> input:  (172, 14, 1)  output:  (172, 4, 1)  test interval: [ '2021.36' , '2025.52' ]
Dispositivo: cuda
model 0/50 is being trained
loss saved ....
model 1/50 is being trained
loss saved ....
model 2/50 is being trained
loss saved ....
model 3/50 is being trained
loss saved ....
model 4/50 is being trained
loss saved ....
model 5/50 is being trained
loss saved ....
model 6/50 is being trained
loss saved ....
model 7/50 is being trained
loss saved ....
model 8/50 is being trained
loss saved ....
model 9/50 is being trained
loss saved ....
model 10/50 is being trained
loss saved ....
model 11/50 is being trained
loss saved ....
model 12/50 is being trained
loss saved ....
model 13/50 is being trained
loss saved ....
model 14/50 is being trained
loss saved ....
model 15/50 is being trained
loss saved ....
model 16/50 is being trained
loss saved ....
model 17/50 is being trained
loss saved ....
model 18/50 is being trained
loss saved ....
model 19/50 is being trained
loss saved ....
model 20/50 is being trained
loss saved ....
model 21/50 is being trained
loss saved ....
model 22/50 is being trained
loss saved ....
model 23/50 is being trained
loss saved ....
model 24/50 is being trained
loss saved ....
model 25/50 is being trained
loss saved ....
model 26/50 is being trained
loss saved ....
model 27/50 is being trained
loss saved ....
model 28/50 is being trained
loss saved ....
model 29/50 is being trained
loss saved ....
model 30/50 is being trained
loss saved ....
model 31/50 is being trained
loss saved ....
model 32/50 is being trained
loss saved ....
model 33/50 is being trained
loss saved ....
model 34/50 is being trained
loss saved ....
model 35/50 is being trained
loss saved ....
model 36/50 is being trained
loss saved ....
model 37/50 is being trained
loss saved ....
model 38/50 is being trained
loss saved ....
model 39/50 is being trained
loss saved ....
model 40/50 is being trained
loss saved ....
model 41/50 is being trained
loss saved ....
model 42/50 is being trained
loss saved ....
model 43/50 is being trained
loss saved ....
model 44/50 is being trained
loss saved ....
model 45/50 is being trained
loss saved ....
model 46/50 is being trained
loss saved ....
model 47/50 is being trained
loss saved ....
model 48/50 is being trained
loss saved ....
model 49/50 is being trained
loss saved ....
time per run  0.01895512334505717  minutes
total time with  50  runs :  0.947756270567576  minutes
showing predictions in the test interval for week+1
prediction on test interval saved ...
showing predictions in the test interval for week+2
prediction on test interval saved ...
showing predictions in the test interval for week+3
prediction on test interval saved ...
showing predictions in the test interval for week+4
prediction on test interval saved ...
showing correlation of predicted vs real data in the test interval for week+1
correlation saved ...
showing correlation of predicted vs real data in the test interval for week+2
correlation saved ...
showing correlation of predicted vs real data in the test interval for week+3
correlation saved ...
showing correlation of predicted vs real data in the test interval for week+4
correlation saved ...
showing lower and upper bounds in test interval for week+1
saving figure to file
showing lower and upper bounds in test interval for week+2
saving figure to file
showing lower and upper bounds in test interval for week+3
saving figure to file
showing lower and upper bounds in test interval for week+4
saving figure to file
  OK: Alagoas

  Treinando: Amazonas
run_code  25.06.2026_16h
file found ../data/25.06.2026_16h_training_data/Amazonas_time_series_weeks_2014.01-2025.52.csv
output directory ../results/training_and_test/25.06.2026_16h already exists. files will be rewritten ....
output directory ../results/models/25.06.2026_16h already exists. files will be rewritten ....
saved training and test timeseries for country Amazonas
training data shape> input:  (421, 14, 1)  output:  (421, 4, 1)  training interval: [ '2014.01' , '2021.35' ]
test data shape> input:  (172, 14, 1)  output:  (172, 4, 1)  test interval: [ '2021.36' , '2025.52' ]
Dispositivo: cuda
model 0/50 is being trained
loss saved ....
model 1/50 is being trained
loss saved ....
model 2/50 is being trained
loss saved ....
model 3/50 is being trained
loss saved ....
model 4/50 is being trained
loss saved ....
model 5/50 is being trained
loss saved ....
model 6/50 is being trained
loss saved ....
model 7/50 is being trained
loss saved ....
model 8/50 is being trained
loss saved ....
model 9/50 is being trained
loss saved ....
model 10/50 is being trained
loss saved ....
model 11/50 is being trained
loss saved ....
model 12/50 is being trained
loss saved ....
model 13/50 is being trained
loss saved ....
model 14/50 is being trained
loss saved ....
model 15/50 is being trained
loss saved ....
model 16/50 is being trained
loss saved ....
model 17/50 is being trained
loss saved ....
model 18/50 is being trained
loss saved ....
model 19/50 is being trained
loss saved ....
model 20/50 is being trained
loss saved ....
model 21/50 is being trained
loss saved ....
model 22/50 is being trained
loss saved ....
model 23/50 is being trained
loss saved ....
model 24/50 is being trained
loss saved ....
model 25/50 is being trained
loss saved ....
model 26/50 is being trained
loss saved ....
model 27/50 is being trained
loss saved ....
model 28/50 is being trained
loss saved ....
model 29/50 is being trained
loss saved ....
model 30/50 is being trained
loss saved ....
model 31/50 is being trained
loss saved ....
model 32/50 is being trained
loss saved ....
model 33/50 is being trained
loss saved ....
model 34/50 is being trained
loss saved ....
model 35/50 is being trained
loss saved ....
model 36/50 is being trained
loss saved ....
model 37/50 is being trained
loss saved ....
model 38/50 is being trained
loss saved ....
model 39/50 is being trained
loss saved ....
model 40/50 is being trained
loss saved ....
model 41/50 is being trained
loss saved ....
model 42/50 is being trained
loss saved ....
model 43/50 is being trained
loss saved ....
model 44/50 is being trained
loss saved ....
model 45/50 is being trained
loss saved ....
model 46/50 is being trained
loss saved ....
model 47/50 is being trained
loss saved ....
model 48/50 is being trained
loss saved ....
model 49/50 is being trained
loss saved ....
time per run  0.018730697949727378  minutes
total time with  50  runs :  0.9365349928538005  minutes
showing predictions in the test interval for week+1
prediction on test interval saved ...
showing predictions in the test interval for week+2
prediction on test interval saved ...
showing predictions in the test interval for week+3
prediction on test interval saved ...
showing predictions in the test interval for week+4
prediction on test interval saved ...
showing correlation of predicted vs real data in the test interval for week+1
correlation saved ...
showing correlation of predicted vs real data in the test interval for week+2
correlation saved ...
showing correlation of predicted vs real data in the test interval for week+3
correlation saved ...
showing correlation of predicted vs real data in the test interval for week+4
correlation saved ...
showing lower and upper bounds in test interval for week+1
saving figure to file
showing lower and upper bounds in test interval for week+2
saving figure to file
showing lower and upper bounds in test interval for week+3
saving figure to file
showing lower and upper bounds in test interval for week+4
saving figure to file
  OK: Amazonas

  Treinando: Bahia
run_code  25.06.2026_16h
file found ../data/25.06.2026_16h_training_data/Bahia_time_series_weeks_2014.01-2025.52.csv
output directory ../results/training_and_test/25.06.2026_16h already exists. files will be rewritten ....
output directory ../results/models/25.06.2026_16h already exists. files will be rewritten ....
saved training and test timeseries for country Bahia
training data shape> input:  (421, 14, 1)  output:  (421, 4, 1)  training interval: [ '2014.01' , '2021.35' ]
test data shape> input:  (172, 14, 1)  output:  (172, 4, 1)  test interval: [ '2021.36' , '2025.52' ]
Dispositivo: cuda
model 0/50 is being trained
loss saved ....
model 1/50 is being trained
loss saved ....
model 2/50 is being trained
loss saved ....
model 3/50 is being trained
loss saved ....
model 4/50 is being trained
loss saved ....
model 5/50 is being trained
loss saved ....
model 6/50 is being trained
loss saved ....
model 7/50 is being trained
loss saved ....
model 8/50 is being trained
loss saved ....
model 9/50 is being trained
loss saved ....
model 10/50 is being trained
loss saved ....
model 11/50 is being trained
loss saved ....
model 12/50 is being trained
loss saved ....
model 13/50 is being trained
loss saved ....
model 14/50 is being trained
loss saved ....
model 15/50 is being trained
loss saved ....
model 16/50 is being trained
loss saved ....
model 17/50 is being trained
loss saved ....
model 18/50 is being trained
loss saved ....
model 19/50 is being trained
loss saved ....
model 20/50 is being trained
loss saved ....
model 21/50 is being trained
loss saved ....
model 22/50 is being trained
loss saved ....
model 23/50 is being trained
loss saved ....
model 24/50 is being trained
loss saved ....
model 25/50 is being trained
loss saved ....
model 26/50 is being trained
loss saved ....
model 27/50 is being trained
loss saved ....
model 28/50 is being trained
loss saved ....
model 29/50 is being trained
loss saved ....
model 30/50 is being trained
loss saved ....
model 31/50 is being trained
loss saved ....
model 32/50 is being trained
loss saved ....
model 33/50 is being trained
loss saved ....
model 34/50 is being trained
loss saved ....
model 35/50 is being trained
loss saved ....
model 36/50 is being trained
loss saved ....
model 37/50 is being trained
loss saved ....
model 38/50 is being trained
loss saved ....
model 39/50 is being trained
loss saved ....
model 40/50 is being trained
loss saved ....
model 41/50 is being trained
loss saved ....
model 42/50 is being trained
loss saved ....
model 43/50 is being trained
loss saved ....
model 44/50 is being trained
loss saved ....
model 45/50 is being trained
loss saved ....
model 46/50 is being trained
loss saved ....
model 47/50 is being trained
loss saved ....
model 48/50 is being trained
loss saved ....
model 49/50 is being trained
loss saved ....
time per run  0.01899532731374105  minutes
total time with  50  runs :  0.949766461054484  minutes
showing predictions in the test interval for week+1
prediction on test interval saved ...
showing predictions in the test interval for week+2
prediction on test interval saved ...
showing predictions in the test interval for week+3
prediction on test interval saved ...
showing predictions in the test interval for week+4
prediction on test interval saved ...
showing correlation of predicted vs real data in the test interval for week+1
correlation saved ...
showing correlation of predicted vs real data in the test interval for week+2
correlation saved ...
showing correlation of predicted vs real data in the test interval for week+3
correlation saved ...
showing correlation of predicted vs real data in the test interval for week+4
correlation saved ...
showing lower and upper bounds in test interval for week+1
saving figure to file
showing lower and upper bounds in test interval for week+2
saving figure to file
showing lower and upper bounds in test interval for week+3
saving figure to file
showing lower and upper bounds in test interval for week+4
saving figure to file
  OK: Bahia

  Treinando: Ceara
run_code  25.06.2026_16h
file found ../data/25.06.2026_16h_training_data/Ceara_time_series_weeks_2014.01-2025.52.csv
output directory ../results/training_and_test/25.06.2026_16h already exists. files will be rewritten ....
output directory ../results/models/25.06.2026_16h already exists. files will be rewritten ....
saved training and test timeseries for country Ceara
training data shape> input:  (421, 14, 1)  output:  (421, 4, 1)  training interval: [ '2014.01' , '2021.35' ]
test data shape> input:  (172, 14, 1)  output:  (172, 4, 1)  test interval: [ '2021.36' , '2025.52' ]
Dispositivo: cuda
model 0/50 is being trained
loss saved ....
model 1/50 is being trained
loss saved ....
model 2/50 is being trained
loss saved ....
model 3/50 is being trained
loss saved ....
model 4/50 is being trained
loss saved ....
model 5/50 is being trained
loss saved ....
model 6/50 is being trained
loss saved ....
model 7/50 is being trained
loss saved ....
model 8/50 is being trained
loss saved ....
model 9/50 is being trained
loss saved ....
model 10/50 is being trained
loss saved ....
model 11/50 is being trained
loss saved ....
model 12/50 is being trained
loss saved ....
model 13/50 is being trained
loss saved ....
model 14/50 is being trained
loss saved ....
model 15/50 is being trained
loss saved ....
model 16/50 is being trained
loss saved ....
model 17/50 is being trained
loss saved ....
model 18/50 is being trained
loss saved ....
model 19/50 is being trained
loss saved ....
model 20/50 is being trained
loss saved ....
model 21/50 is being trained
loss saved ....
model 22/50 is being trained
loss saved ....
model 23/50 is being trained
loss saved ....
model 24/50 is being trained
loss saved ....
model 25/50 is being trained
loss saved ....
model 26/50 is being trained
loss saved ....
model 27/50 is being trained
loss saved ....
model 28/50 is being trained
loss saved ....
model 29/50 is being trained
loss saved ....
model 30/50 is being trained
loss saved ....
model 31/50 is being trained
loss saved ....
model 32/50 is being trained
loss saved ....
model 33/50 is being trained
loss saved ....
model 34/50 is being trained
loss saved ....
model 35/50 is being trained
loss saved ....
model 36/50 is being trained
loss saved ....
model 37/50 is being trained
loss saved ....
model 38/50 is being trained
loss saved ....
model 39/50 is being trained
loss saved ....
model 40/50 is being trained
loss saved ....
model 41/50 is being trained
loss saved ....
model 42/50 is being trained
loss saved ....
model 43/50 is being trained
loss saved ....
model 44/50 is being trained
loss saved ....
model 45/50 is being trained
loss saved ....
model 46/50 is being trained
loss saved ....
model 47/50 is being trained
loss saved ....
model 48/50 is being trained
loss saved ....
model 49/50 is being trained
loss saved ....
time per run  0.018993017117182414  minutes
total time with  50  runs :  0.9496509313583374  minutes
showing predictions in the test interval for week+1
prediction on test interval saved ...
showing predictions in the test interval for week+2
prediction on test interval saved ...
showing predictions in the test interval for week+3
prediction on test interval saved ...
showing predictions in the test interval for week+4
prediction on test interval saved ...
showing correlation of predicted vs real data in the test interval for week+1
correlation saved ...
showing correlation of predicted vs real data in the test interval for week+2
correlation saved ...
showing correlation of predicted vs real data in the test interval for week+3
correlation saved ...
showing correlation of predicted vs real data in the test interval for week+4
correlation saved ...
showing lower and upper bounds in test interval for week+1
saving figure to file
showing lower and upper bounds in test interval for week+2
saving figure to file
showing lower and upper bounds in test interval for week+3
saving figure to file
showing lower and upper bounds in test interval for week+4
saving figure to file
  OK: Ceara

  Treinando: Distrito Federal
run_code  25.06.2026_16h
file found ../data/25.06.2026_16h_training_data/Distrito Federal_time_series_weeks_2014.01-2025.52.csv
output directory ../results/training_and_test/25.06.2026_16h already exists. files will be rewritten ....
output directory ../results/models/25.06.2026_16h already exists. files will be rewritten ....
saved training and test timeseries for country Distrito Federal
training data shape> input:  (421, 14, 1)  output:  (421, 4, 1)  training interval: [ '2014.01' , '2021.35' ]
test data shape> input:  (172, 14, 1)  output:  (172, 4, 1)  test interval: [ '2021.36' , '2025.52' ]
Dispositivo: cuda
model 0/50 is being trained
loss saved ....
model 1/50 is being trained
loss saved ....
model 2/50 is being trained
loss saved ....
model 3/50 is being trained
loss saved ....
model 4/50 is being trained
loss saved ....
model 5/50 is being trained
loss saved ....
model 6/50 is being trained
loss saved ....
model 7/50 is being trained
loss saved ....
model 8/50 is being trained
loss saved ....
model 9/50 is being trained
loss saved ....
model 10/50 is being trained
loss saved ....
model 11/50 is being trained
loss saved ....
model 12/50 is being trained
loss saved ....
model 13/50 is being trained
loss saved ....
model 14/50 is being trained
loss saved ....
model 15/50 is being trained
loss saved ....
model 16/50 is being trained
loss saved ....
model 17/50 is being trained
loss saved ....
model 18/50 is being trained
loss saved ....
model 19/50 is being trained
loss saved ....
model 20/50 is being trained
loss saved ....
model 21/50 is being trained
loss saved ....
model 22/50 is being trained
loss saved ....
model 23/50 is being trained
loss saved ....
model 24/50 is being trained
loss saved ....
model 25/50 is being trained
loss saved ....
model 26/50 is being trained
loss saved ....
model 27/50 is being trained
loss saved ....
model 28/50 is being trained
loss saved ....
model 29/50 is being trained
loss saved ....
model 30/50 is being trained
loss saved ....
model 31/50 is being trained
loss saved ....
model 32/50 is being trained
loss saved ....
model 33/50 is being trained
loss saved ....
model 34/50 is being trained
loss saved ....
model 35/50 is being trained
loss saved ....
model 36/50 is being trained
loss saved ....
model 37/50 is being trained
loss saved ....
model 38/50 is being trained
loss saved ....
model 39/50 is being trained
loss saved ....
model 40/50 is being trained
loss saved ....
model 41/50 is being trained
loss saved ....
model 42/50 is being trained
loss saved ....
model 43/50 is being trained
loss saved ....
model 44/50 is being trained
loss saved ....
model 45/50 is being trained
loss saved ....
model 46/50 is being trained
loss saved ....
model 47/50 is being trained
loss saved ....
model 48/50 is being trained
loss saved ....
model 49/50 is being trained
loss saved ....
time per run  0.019095599253972372  minutes
total time with  50  runs :  0.9547800580660503  minutes
showing predictions in the test interval for week+1
prediction on test interval saved ...
showing predictions in the test interval for week+2
prediction on test interval saved ...
showing predictions in the test interval for week+3
prediction on test interval saved ...
showing predictions in the test interval for week+4
prediction on test interval saved ...
showing correlation of predicted vs real data in the test interval for week+1
correlation saved ...
showing correlation of predicted vs real data in the test interval for week+2
correlation saved ...
showing correlation of predicted vs real data in the test interval for week+3
correlation saved ...
showing correlation of predicted vs real data in the test interval for week+4
correlation saved ...
showing lower and upper bounds in test interval for week+1
saving figure to file
showing lower and upper bounds in test interval for week+2
saving figure to file
showing lower and upper bounds in test interval for week+3
saving figure to file
showing lower and upper bounds in test interval for week+4
saving figure to file
  OK: Distrito Federal

  Treinando: Espirito Santo
run_code  25.06.2026_16h
file found ../data/25.06.2026_16h_training_data/Espirito Santo_time_series_weeks_2014.01-2025.52.csv
output directory ../results/training_and_test/25.06.2026_16h already exists. files will be rewritten ....
output directory ../results/models/25.06.2026_16h already exists. files will be rewritten ....
saved training and test timeseries for country Espirito Santo
training data shape> input:  (421, 14, 1)  output:  (421, 4, 1)  training interval: [ '2014.01' , '2021.35' ]
test data shape> input:  (172, 14, 1)  output:  (172, 4, 1)  test interval: [ '2021.36' , '2025.52' ]
Dispositivo: cuda
model 0/50 is being trained
loss saved ....
model 1/50 is being trained
loss saved ....
model 2/50 is being trained
loss saved ....
model 3/50 is being trained
loss saved ....
model 4/50 is being trained
loss saved ....
model 5/50 is being trained
loss saved ....
model 6/50 is being trained
loss saved ....
model 7/50 is being trained
loss saved ....
model 8/50 is being trained
loss saved ....
model 9/50 is being trained
loss saved ....
model 10/50 is being trained
loss saved ....
model 11/50 is being trained
loss saved ....
model 12/50 is being trained
loss saved ....
model 13/50 is being trained
loss saved ....
model 14/50 is being trained
loss saved ....
model 15/50 is being trained
loss saved ....
model 16/50 is being trained
loss saved ....
model 17/50 is being trained
loss saved ....
model 18/50 is being trained
loss saved ....
model 19/50 is being trained
loss saved ....
model 20/50 is being trained
loss saved ....
model 21/50 is being trained
loss saved ....
model 22/50 is being trained
loss saved ....
model 23/50 is being trained
loss saved ....
model 24/50 is being trained
loss saved ....
model 25/50 is being trained
loss saved ....
model 26/50 is being trained
loss saved ....
model 27/50 is being trained
loss saved ....
model 28/50 is being trained
loss saved ....
model 29/50 is being trained
loss saved ....
model 30/50 is being trained
loss saved ....
model 31/50 is being trained
loss saved ....
model 32/50 is being trained
loss saved ....
model 33/50 is being trained
loss saved ....
model 34/50 is being trained
loss saved ....
model 35/50 is being trained
loss saved ....
model 36/50 is being trained
loss saved ....
model 37/50 is being trained
loss saved ....
model 38/50 is being trained
loss saved ....
model 39/50 is being trained
loss saved ....
model 40/50 is being trained
loss saved ....
model 41/50 is being trained
loss saved ....
model 42/50 is being trained
loss saved ....
model 43/50 is being trained
loss saved ....
model 44/50 is being trained
loss saved ....
model 45/50 is being trained
loss saved ....
model 46/50 is being trained
loss saved ....
model 47/50 is being trained
loss saved ....
model 48/50 is being trained
loss saved ....
model 49/50 is being trained
loss saved ....
time per run  0.0190624635219574  minutes
total time with  50  runs :  0.9531232515970866  minutes
showing predictions in the test interval for week+1
prediction on test interval saved ...
showing predictions in the test interval for week+2
prediction on test interval saved ...
showing predictions in the test interval for week+3
prediction on test interval saved ...
showing predictions in the test interval for week+4
prediction on test interval saved ...
showing correlation of predicted vs real data in the test interval for week+1
correlation saved ...
showing correlation of predicted vs real data in the test interval for week+2
correlation saved ...
showing correlation of predicted vs real data in the test interval for week+3
correlation saved ...
showing correlation of predicted vs real data in the test interval for week+4
correlation saved ...
showing lower and upper bounds in test interval for week+1
saving figure to file
showing lower and upper bounds in test interval for week+2
saving figure to file
showing lower and upper bounds in test interval for week+3
saving figure to file
showing lower and upper bounds in test interval for week+4
saving figure to file
  OK: Espirito Santo

  Treinando: Goais
run_code  25.06.2026_16h
file found ../data/25.06.2026_16h_training_data/Goais_time_series_weeks_2014.01-2025.52.csv
output directory ../results/training_and_test/25.06.2026_16h already exists. files will be rewritten ....
output directory ../results/models/25.06.2026_16h already exists. files will be rewritten ....
saved training and test timeseries for country Goais
training data shape> input:  (421, 14, 1)  output:  (421, 4, 1)  training interval: [ '2014.01' , '2021.35' ]
test data shape> input:  (172, 14, 1)  output:  (172, 4, 1)  test interval: [ '2021.36' , '2025.52' ]
Dispositivo: cuda
model 0/50 is being trained
loss saved ....
model 1/50 is being trained
loss saved ....
model 2/50 is being trained
loss saved ....
model 3/50 is being trained
loss saved ....
model 4/50 is being trained
loss saved ....
model 5/50 is being trained
loss saved ....
model 6/50 is being trained
loss saved ....
model 7/50 is being trained
loss saved ....
model 8/50 is being trained
loss saved ....
model 9/50 is being trained
loss saved ....
model 10/50 is being trained
loss saved ....
model 11/50 is being trained
loss saved ....
model 12/50 is being trained
loss saved ....
model 13/50 is being trained
loss saved ....
model 14/50 is being trained
loss saved ....
model 15/50 is being trained
loss saved ....
model 16/50 is being trained
loss saved ....
model 17/50 is being trained
loss saved ....
model 18/50 is being trained
loss saved ....
model 19/50 is being trained
loss saved ....
model 20/50 is being trained
loss saved ....
model 21/50 is being trained
loss saved ....
model 22/50 is being trained
loss saved ....
model 23/50 is being trained
loss saved ....
model 24/50 is being trained
loss saved ....
model 25/50 is being trained
loss saved ....
model 26/50 is being trained
loss saved ....
model 27/50 is being trained
loss saved ....
model 28/50 is being trained
loss saved ....
model 29/50 is being trained
loss saved ....
model 30/50 is being trained
loss saved ....
model 31/50 is being trained
loss saved ....
model 32/50 is being trained
loss saved ....
model 33/50 is being trained
loss saved ....
model 34/50 is being trained
loss saved ....
model 35/50 is being trained
loss saved ....
model 36/50 is being trained
loss saved ....
model 37/50 is being trained
loss saved ....
model 38/50 is being trained
loss saved ....
model 39/50 is being trained
loss saved ....
model 40/50 is being trained
loss saved ....
model 41/50 is being trained
loss saved ....
model 42/50 is being trained
loss saved ....
model 43/50 is being trained
loss saved ....
model 44/50 is being trained
loss saved ....
model 45/50 is being trained
loss saved ....
model 46/50 is being trained
loss saved ....
model 47/50 is being trained
loss saved ....
model 48/50 is being trained
loss saved ....
model 49/50 is being trained
loss saved ....
time per run  0.01901599343617757  minutes
total time with  50  runs :  0.9507997790972392  minutes
showing predictions in the test interval for week+1
prediction on test interval saved ...
showing predictions in the test interval for week+2
prediction on test interval saved ...
showing predictions in the test interval for week+3
prediction on test interval saved ...
showing predictions in the test interval for week+4
prediction on test interval saved ...
showing correlation of predicted vs real data in the test interval for week+1
correlation saved ...
showing correlation of predicted vs real data in the test interval for week+2
correlation saved ...
showing correlation of predicted vs real data in the test interval for week+3
correlation saved ...
showing correlation of predicted vs real data in the test interval for week+4
correlation saved ...
showing lower and upper bounds in test interval for week+1
saving figure to file
showing lower and upper bounds in test interval for week+2
saving figure to file
showing lower and upper bounds in test interval for week+3
saving figure to file
showing lower and upper bounds in test interval for week+4
saving figure to file
  OK: Goais

  Treinando: Maranhao
run_code  25.06.2026_16h
file found ../data/25.06.2026_16h_training_data/Maranhao_time_series_weeks_2014.01-2025.52.csv
output directory ../results/training_and_test/25.06.2026_16h already exists. files will be rewritten ....
output directory ../results/models/25.06.2026_16h already exists. files will be rewritten ....
saved training and test timeseries for country Maranhao
training data shape> input:  (421, 14, 1)  output:  (421, 4, 1)  training interval: [ '2014.01' , '2021.35' ]
test data shape> input:  (172, 14, 1)  output:  (172, 4, 1)  test interval: [ '2021.36' , '2025.52' ]
Dispositivo: cuda
model 0/50 is being trained
loss saved ....
model 1/50 is being trained
loss saved ....
model 2/50 is being trained
loss saved ....
model 3/50 is being trained
loss saved ....
model 4/50 is being trained
loss saved ....
model 5/50 is being trained
loss saved ....
model 6/50 is being trained
loss saved ....
model 7/50 is being trained
loss saved ....
model 8/50 is being trained
loss saved ....
model 9/50 is being trained
loss saved ....
model 10/50 is being trained
loss saved ....
model 11/50 is being trained
loss saved ....
model 12/50 is being trained
loss saved ....
model 13/50 is being trained
loss saved ....
model 14/50 is being trained
loss saved ....
model 15/50 is being trained
loss saved ....
model 16/50 is being trained
loss saved ....
model 17/50 is being trained
loss saved ....
model 18/50 is being trained
loss saved ....
model 19/50 is being trained
loss saved ....
model 20/50 is being trained
loss saved ....
model 21/50 is being trained
loss saved ....
model 22/50 is being trained
loss saved ....
model 23/50 is being trained
loss saved ....
model 24/50 is being trained
loss saved ....
model 25/50 is being trained
loss saved ....
model 26/50 is being trained
loss saved ....
model 27/50 is being trained
loss saved ....
model 28/50 is being trained
loss saved ....
model 29/50 is being trained
loss saved ....
model 30/50 is being trained
loss saved ....
model 31/50 is being trained
loss saved ....
model 32/50 is being trained
loss saved ....
model 33/50 is being trained
loss saved ....
model 34/50 is being trained
loss saved ....
model 35/50 is being trained
loss saved ....
model 36/50 is being trained
loss saved ....
model 37/50 is being trained
loss saved ....
model 38/50 is being trained
loss saved ....
model 39/50 is being trained
loss saved ....
model 40/50 is being trained
loss saved ....
model 41/50 is being trained
loss saved ....
model 42/50 is being trained
loss saved ....
model 43/50 is being trained
loss saved ....
model 44/50 is being trained
loss saved ....
model 45/50 is being trained
loss saved ....
model 46/50 is being trained
loss saved ....
model 47/50 is being trained
loss saved ....
model 48/50 is being trained
loss saved ....
model 49/50 is being trained
loss saved ....
time per run  0.019064236481984454  minutes
total time with  50  runs :  0.9532119115193685  minutes
showing predictions in the test interval for week+1
prediction on test interval saved ...
showing predictions in the test interval for week+2
prediction on test interval saved ...
showing predictions in the test interval for week+3
prediction on test interval saved ...
showing predictions in the test interval for week+4
prediction on test interval saved ...
showing correlation of predicted vs real data in the test interval for week+1
correlation saved ...
showing correlation of predicted vs real data in the test interval for week+2
correlation saved ...
showing correlation of predicted vs real data in the test interval for week+3
correlation saved ...
showing correlation of predicted vs real data in the test interval for week+4
correlation saved ...
showing lower and upper bounds in test interval for week+1
saving figure to file
showing lower and upper bounds in test interval for week+2
saving figure to file
showing lower and upper bounds in test interval for week+3
saving figure to file
showing lower and upper bounds in test interval for week+4
saving figure to file
  OK: Maranhao

  Treinando: Minas Gerais
run_code  25.06.2026_16h
file found ../data/25.06.2026_16h_training_data/Minas Gerais_time_series_weeks_2014.01-2025.52.csv
output directory ../results/training_and_test/25.06.2026_16h already exists. files will be rewritten ....
output directory ../results/models/25.06.2026_16h already exists. files will be rewritten ....
saved training and test timeseries for country Minas Gerais
training data shape> input:  (421, 14, 1)  output:  (421, 4, 1)  training interval: [ '2014.01' , '2021.35' ]
test data shape> input:  (172, 14, 1)  output:  (172, 4, 1)  test interval: [ '2021.36' , '2025.52' ]
Dispositivo: cuda
model 0/50 is being trained
loss saved ....
model 1/50 is being trained
loss saved ....
model 2/50 is being trained
loss saved ....
model 3/50 is being trained
loss saved ....
model 4/50 is being trained
loss saved ....
model 5/50 is being trained
loss saved ....
model 6/50 is being trained
loss saved ....
model 7/50 is being trained
loss saved ....
model 8/50 is being trained
loss saved ....
model 9/50 is being trained
loss saved ....
model 10/50 is being trained
loss saved ....
model 11/50 is being trained
loss saved ....
model 12/50 is being trained
loss saved ....
model 13/50 is being trained
loss saved ....
model 14/50 is being trained
loss saved ....
model 15/50 is being trained
loss saved ....
model 16/50 is being trained
loss saved ....
model 17/50 is being trained
loss saved ....
model 18/50 is being trained
loss saved ....
model 19/50 is being trained
loss saved ....
model 20/50 is being trained
loss saved ....
model 21/50 is being trained
loss saved ....
model 22/50 is being trained
loss saved ....
model 23/50 is being trained
loss saved ....
model 24/50 is being trained
loss saved ....
model 25/50 is being trained
loss saved ....
model 26/50 is being trained
loss saved ....
model 27/50 is being trained
loss saved ....
model 28/50 is being trained
loss saved ....
model 29/50 is being trained
loss saved ....
model 30/50 is being trained
loss saved ....
model 31/50 is being trained
loss saved ....
model 32/50 is being trained
loss saved ....
model 33/50 is being trained
loss saved ....
model 34/50 is being trained
loss saved ....
model 35/50 is being trained
loss saved ....
model 36/50 is being trained
loss saved ....
model 37/50 is being trained
loss saved ....
model 38/50 is being trained
loss saved ....
model 39/50 is being trained
loss saved ....
model 40/50 is being trained
loss saved ....
model 41/50 is being trained
loss saved ....
model 42/50 is being trained
loss saved ....
model 43/50 is being trained
loss saved ....
model 44/50 is being trained
loss saved ....
model 45/50 is being trained
loss saved ....
model 46/50 is being trained
loss saved ....
model 47/50 is being trained
loss saved ....
model 48/50 is being trained
loss saved ....
model 49/50 is being trained
loss saved ....
time per run  0.01894796895980835  minutes
total time with  50  runs :  0.9473985274632771  minutes
showing predictions in the test interval for week+1
prediction on test interval saved ...
showing predictions in the test interval for week+2
prediction on test interval saved ...
showing predictions in the test interval for week+3
prediction on test interval saved ...
showing predictions in the test interval for week+4
prediction on test interval saved ...
showing correlation of predicted vs real data in the test interval for week+1
correlation saved ...
showing correlation of predicted vs real data in the test interval for week+2
correlation saved ...
showing correlation of predicted vs real data in the test interval for week+3
correlation saved ...
showing correlation of predicted vs real data in the test interval for week+4
correlation saved ...
showing lower and upper bounds in test interval for week+1
saving figure to file
showing lower and upper bounds in test interval for week+2
saving figure to file
showing lower and upper bounds in test interval for week+3
saving figure to file
showing lower and upper bounds in test interval for week+4
saving figure to file
  OK: Minas Gerais

  Treinando: Mato Grosso do Sul
run_code  25.06.2026_16h
file found ../data/25.06.2026_16h_training_data/Mato Grosso do Sul_time_series_weeks_2014.01-2025.52.csv
output directory ../results/training_and_test/25.06.2026_16h already exists. files will be rewritten ....
output directory ../results/models/25.06.2026_16h already exists. files will be rewritten ....
saved training and test timeseries for country Mato Grosso do Sul
training data shape> input:  (421, 14, 1)  output:  (421, 4, 1)  training interval: [ '2014.01' , '2021.35' ]
test data shape> input:  (172, 14, 1)  output:  (172, 4, 1)  test interval: [ '2021.36' , '2025.52' ]
Dispositivo: cuda
model 0/50 is being trained
loss saved ....
model 1/50 is being trained
loss saved ....
model 2/50 is being trained
loss saved ....
model 3/50 is being trained
loss saved ....
model 4/50 is being trained
loss saved ....
model 5/50 is being trained
loss saved ....
model 6/50 is being trained
loss saved ....
model 7/50 is being trained
loss saved ....
model 8/50 is being trained
loss saved ....
model 9/50 is being trained
loss saved ....
model 10/50 is being trained
loss saved ....
model 11/50 is being trained
loss saved ....
model 12/50 is being trained
loss saved ....
model 13/50 is being trained
loss saved ....
model 14/50 is being trained
loss saved ....
model 15/50 is being trained
loss saved ....
model 16/50 is being trained
loss saved ....
model 17/50 is being trained
loss saved ....
model 18/50 is being trained
loss saved ....
model 19/50 is being trained
loss saved ....
model 20/50 is being trained
loss saved ....
model 21/50 is being trained
loss saved ....
model 22/50 is being trained
loss saved ....
model 23/50 is being trained
loss saved ....
model 24/50 is being trained
loss saved ....
model 25/50 is being trained
loss saved ....
model 26/50 is being trained
loss saved ....
model 27/50 is being trained
loss saved ....
model 28/50 is being trained
loss saved ....
model 29/50 is being trained
loss saved ....
model 30/50 is being trained
loss saved ....
model 31/50 is being trained
loss saved ....
model 32/50 is being trained
loss saved ....
model 33/50 is being trained
loss saved ....
model 34/50 is being trained
loss saved ....
model 35/50 is being trained
loss saved ....
model 36/50 is being trained
loss saved ....
model 37/50 is being trained
loss saved ....
model 38/50 is being trained
loss saved ....
model 39/50 is being trained
loss saved ....
model 40/50 is being trained
loss saved ....
model 41/50 is being trained
loss saved ....
model 42/50 is being trained
loss saved ....
model 43/50 is being trained
loss saved ....
model 44/50 is being trained
loss saved ....
model 45/50 is being trained
loss saved ....
model 46/50 is being trained
loss saved ....
model 47/50 is being trained
loss saved ....
model 48/50 is being trained
loss saved ....
model 49/50 is being trained
loss saved ....
time per run  0.01903006323178609  minutes
total time with  50  runs :  0.9515032649040223  minutes
showing predictions in the test interval for week+1
prediction on test interval saved ...
showing predictions in the test interval for week+2
prediction on test interval saved ...
showing predictions in the test interval for week+3
prediction on test interval saved ...
showing predictions in the test interval for week+4
prediction on test interval saved ...
showing correlation of predicted vs real data in the test interval for week+1
correlation saved ...
showing correlation of predicted vs real data in the test interval for week+2
correlation saved ...
showing correlation of predicted vs real data in the test interval for week+3
correlation saved ...
showing correlation of predicted vs real data in the test interval for week+4
correlation saved ...
showing lower and upper bounds in test interval for week+1
saving figure to file
showing lower and upper bounds in test interval for week+2
saving figure to file
showing lower and upper bounds in test interval for week+3
saving figure to file
showing lower and upper bounds in test interval for week+4
saving figure to file
  OK: Mato Grosso do Sul

  Treinando: Mato Grosso
run_code  25.06.2026_16h
file found ../data/25.06.2026_16h_training_data/Mato Grosso_time_series_weeks_2014.01-2025.52.csv
output directory ../results/training_and_test/25.06.2026_16h already exists. files will be rewritten ....
output directory ../results/models/25.06.2026_16h already exists. files will be rewritten ....
saved training and test timeseries for country Mato Grosso
training data shape> input:  (421, 14, 1)  output:  (421, 4, 1)  training interval: [ '2014.01' , '2021.35' ]
test data shape> input:  (172, 14, 1)  output:  (172, 4, 1)  test interval: [ '2021.36' , '2025.52' ]
Dispositivo: cuda
model 0/50 is being trained
loss saved ....
model 1/50 is being trained
loss saved ....
model 2/50 is being trained
loss saved ....
model 3/50 is being trained
loss saved ....
model 4/50 is being trained
loss saved ....
model 5/50 is being trained
loss saved ....
model 6/50 is being trained
loss saved ....
model 7/50 is being trained
loss saved ....
model 8/50 is being trained
loss saved ....
model 9/50 is being trained
loss saved ....
model 10/50 is being trained
loss saved ....
model 11/50 is being trained
loss saved ....
model 12/50 is being trained
loss saved ....
model 13/50 is being trained
loss saved ....
model 14/50 is being trained
loss saved ....
model 15/50 is being trained
loss saved ....
model 16/50 is being trained
loss saved ....
model 17/50 is being trained
loss saved ....
model 18/50 is being trained
loss saved ....
model 19/50 is being trained
loss saved ....
model 20/50 is being trained
loss saved ....
model 21/50 is being trained
loss saved ....
model 22/50 is being trained
loss saved ....
model 23/50 is being trained
loss saved ....
model 24/50 is being trained
loss saved ....
model 25/50 is being trained
loss saved ....
model 26/50 is being trained
loss saved ....
model 27/50 is being trained
loss saved ....
model 28/50 is being trained
loss saved ....
model 29/50 is being trained
loss saved ....
model 30/50 is being trained
loss saved ....
model 31/50 is being trained
loss saved ....
model 32/50 is being trained
loss saved ....
model 33/50 is being trained
loss saved ....
model 34/50 is being trained
loss saved ....
model 35/50 is being trained
loss saved ....
model 36/50 is being trained
loss saved ....
model 37/50 is being trained
loss saved ....
model 38/50 is being trained
loss saved ....
model 39/50 is being trained
loss saved ....
model 40/50 is being trained
loss saved ....
model 41/50 is being trained
loss saved ....
model 42/50 is being trained
loss saved ....
model 43/50 is being trained
loss saved ....
model 44/50 is being trained
loss saved ....
model 45/50 is being trained
loss saved ....
model 46/50 is being trained
loss saved ....
model 47/50 is being trained
loss saved ....
model 48/50 is being trained
loss saved ....
model 49/50 is being trained
loss saved ....
time per run  0.01929126254717509  minutes
total time with  50  runs :  0.9645631988843282  minutes
showing predictions in the test interval for week+1
prediction on test interval saved ...
showing predictions in the test interval for week+2
prediction on test interval saved ...
showing predictions in the test interval for week+3
prediction on test interval saved ...
showing predictions in the test interval for week+4
prediction on test interval saved ...
showing correlation of predicted vs real data in the test interval for week+1
correlation saved ...
showing correlation of predicted vs real data in the test interval for week+2
correlation saved ...
showing correlation of predicted vs real data in the test interval for week+3
correlation saved ...
showing correlation of predicted vs real data in the test interval for week+4
correlation saved ...
showing lower and upper bounds in test interval for week+1
saving figure to file
showing lower and upper bounds in test interval for week+2
saving figure to file
showing lower and upper bounds in test interval for week+3
saving figure to file
showing lower and upper bounds in test interval for week+4
saving figure to file
  OK: Mato Grosso

  Treinando: Paraiba
run_code  25.06.2026_16h
file found ../data/25.06.2026_16h_training_data/Paraiba_time_series_weeks_2014.01-2025.52.csv
output directory ../results/training_and_test/25.06.2026_16h already exists. files will be rewritten ....
output directory ../results/models/25.06.2026_16h already exists. files will be rewritten ....
saved training and test timeseries for country Paraiba
training data shape> input:  (421, 14, 1)  output:  (421, 4, 1)  training interval: [ '2014.01' , '2021.35' ]
test data shape> input:  (172, 14, 1)  output:  (172, 4, 1)  test interval: [ '2021.36' , '2025.52' ]
Dispositivo: cuda
model 0/50 is being trained
loss saved ....
model 1/50 is being trained
loss saved ....
model 2/50 is being trained
loss saved ....
model 3/50 is being trained
loss saved ....
model 4/50 is being trained
loss saved ....
model 5/50 is being trained
loss saved ....
model 6/50 is being trained
loss saved ....
model 7/50 is being trained
loss saved ....
model 8/50 is being trained
loss saved ....
model 9/50 is being trained
loss saved ....
model 10/50 is being trained
loss saved ....
model 11/50 is being trained
loss saved ....
model 12/50 is being trained
loss saved ....
model 13/50 is being trained
loss saved ....
model 14/50 is being trained
loss saved ....
model 15/50 is being trained
loss saved ....
model 16/50 is being trained
loss saved ....
model 17/50 is being trained
loss saved ....
model 18/50 is being trained
loss saved ....
model 19/50 is being trained
loss saved ....
model 20/50 is being trained
loss saved ....
model 21/50 is being trained
loss saved ....
model 22/50 is being trained
loss saved ....
model 23/50 is being trained
loss saved ....
model 24/50 is being trained
loss saved ....
model 25/50 is being trained
loss saved ....
model 26/50 is being trained
loss saved ....
model 27/50 is being trained
loss saved ....
model 28/50 is being trained
loss saved ....
model 29/50 is being trained
loss saved ....
model 30/50 is being trained
loss saved ....
model 31/50 is being trained
loss saved ....
model 32/50 is being trained
loss saved ....
model 33/50 is being trained
loss saved ....
model 34/50 is being trained
loss saved ....
model 35/50 is being trained
loss saved ....
model 36/50 is being trained
loss saved ....
model 37/50 is being trained
loss saved ....
model 38/50 is being trained
loss saved ....
model 39/50 is being trained
loss saved ....
model 40/50 is being trained
loss saved ....
model 41/50 is being trained
loss saved ....
model 42/50 is being trained
loss saved ....
model 43/50 is being trained
loss saved ....
model 44/50 is being trained
loss saved ....
model 45/50 is being trained
loss saved ....
model 46/50 is being trained
loss saved ....
model 47/50 is being trained
loss saved ....
model 48/50 is being trained
loss saved ....
model 49/50 is being trained
loss saved ....
time per run  0.019071175654729208  minutes
total time with  50  runs :  0.9535589655240376  minutes
showing predictions in the test interval for week+1
prediction on test interval saved ...
showing predictions in the test interval for week+2
prediction on test interval saved ...
showing predictions in the test interval for week+3
prediction on test interval saved ...
showing predictions in the test interval for week+4
prediction on test interval saved ...
showing correlation of predicted vs real data in the test interval for week+1
correlation saved ...
showing correlation of predicted vs real data in the test interval for week+2
correlation saved ...
showing correlation of predicted vs real data in the test interval for week+3
correlation saved ...
showing correlation of predicted vs real data in the test interval for week+4
correlation saved ...
showing lower and upper bounds in test interval for week+1
saving figure to file
showing lower and upper bounds in test interval for week+2
saving figure to file
showing lower and upper bounds in test interval for week+3
saving figure to file
showing lower and upper bounds in test interval for week+4
saving figure to file
  OK: Paraiba

  Treinando: Pernambuco
run_code  25.06.2026_16h
file found ../data/25.06.2026_16h_training_data/Pernambuco_time_series_weeks_2014.01-2025.52.csv
output directory ../results/training_and_test/25.06.2026_16h already exists. files will be rewritten ....
output directory ../results/models/25.06.2026_16h already exists. files will be rewritten ....
saved training and test timeseries for country Pernambuco
training data shape> input:  (421, 14, 1)  output:  (421, 4, 1)  training interval: [ '2014.01' , '2021.35' ]
test data shape> input:  (172, 14, 1)  output:  (172, 4, 1)  test interval: [ '2021.36' , '2025.52' ]
Dispositivo: cuda
model 0/50 is being trained
loss saved ....
model 1/50 is being trained
loss saved ....
model 2/50 is being trained
loss saved ....
model 3/50 is being trained
loss saved ....
model 4/50 is being trained
loss saved ....
model 5/50 is being trained
loss saved ....
model 6/50 is being trained
loss saved ....
model 7/50 is being trained
loss saved ....
model 8/50 is being trained
loss saved ....
model 9/50 is being trained
loss saved ....
model 10/50 is being trained
loss saved ....
model 11/50 is being trained
loss saved ....
model 12/50 is being trained
loss saved ....
model 13/50 is being trained
loss saved ....
model 14/50 is being trained
loss saved ....
model 15/50 is being trained
loss saved ....
model 16/50 is being trained
loss saved ....
model 17/50 is being trained
loss saved ....
model 18/50 is being trained
loss saved ....
model 19/50 is being trained
loss saved ....
model 20/50 is being trained
loss saved ....
model 21/50 is being trained
loss saved ....
model 22/50 is being trained
loss saved ....
model 23/50 is being trained
loss saved ....
model 24/50 is being trained
loss saved ....
model 25/50 is being trained
loss saved ....
model 26/50 is being trained
loss saved ....
model 27/50 is being trained
loss saved ....
model 28/50 is being trained
loss saved ....
model 29/50 is being trained
loss saved ....
model 30/50 is being trained
loss saved ....
model 31/50 is being trained
loss saved ....
model 32/50 is being trained
loss saved ....
model 33/50 is being trained
loss saved ....
model 34/50 is being trained
loss saved ....
model 35/50 is being trained
loss saved ....
model 36/50 is being trained
loss saved ....
model 37/50 is being trained
loss saved ....
model 38/50 is being trained
loss saved ....
model 39/50 is being trained
loss saved ....
model 40/50 is being trained
loss saved ....
model 41/50 is being trained
loss saved ....
model 42/50 is being trained
loss saved ....
model 43/50 is being trained
loss saved ....
model 44/50 is being trained
loss saved ....
model 45/50 is being trained
loss saved ....
model 46/50 is being trained
loss saved ....
model 47/50 is being trained
loss saved ....
model 48/50 is being trained
loss saved ....
model 49/50 is being trained
loss saved ....
time per run  0.019113268295923868  minutes
total time with  50  runs :  0.9556634942690532  minutes
showing predictions in the test interval for week+1
prediction on test interval saved ...
showing predictions in the test interval for week+2
prediction on test interval saved ...
showing predictions in the test interval for week+3
prediction on test interval saved ...
showing predictions in the test interval for week+4
prediction on test interval saved ...
showing correlation of predicted vs real data in the test interval for week+1
correlation saved ...
showing correlation of predicted vs real data in the test interval for week+2
correlation saved ...
showing correlation of predicted vs real data in the test interval for week+3
correlation saved ...
showing correlation of predicted vs real data in the test interval for week+4
correlation saved ...
showing lower and upper bounds in test interval for week+1
saving figure to file
showing lower and upper bounds in test interval for week+2
saving figure to file
showing lower and upper bounds in test interval for week+3
saving figure to file
showing lower and upper bounds in test interval for week+4
saving figure to file
  OK: Pernambuco

  Treinando: Piaui
run_code  25.06.2026_16h
file found ../data/25.06.2026_16h_training_data/Piaui_time_series_weeks_2014.01-2025.52.csv
output directory ../results/training_and_test/25.06.2026_16h already exists. files will be rewritten ....
output directory ../results/models/25.06.2026_16h already exists. files will be rewritten ....
saved training and test timeseries for country Piaui
training data shape> input:  (421, 14, 1)  output:  (421, 4, 1)  training interval: [ '2014.01' , '2021.35' ]
test data shape> input:  (172, 14, 1)  output:  (172, 4, 1)  test interval: [ '2021.36' , '2025.52' ]
Dispositivo: cuda
model 0/50 is being trained
loss saved ....
model 1/50 is being trained
loss saved ....
model 2/50 is being trained
loss saved ....
model 3/50 is being trained
loss saved ....
model 4/50 is being trained
loss saved ....
model 5/50 is being trained
loss saved ....
model 6/50 is being trained
loss saved ....
model 7/50 is being trained
loss saved ....
model 8/50 is being trained
loss saved ....
model 9/50 is being trained
loss saved ....
model 10/50 is being trained
loss saved ....
model 11/50 is being trained
loss saved ....
model 12/50 is being trained
loss saved ....
model 13/50 is being trained
loss saved ....
model 14/50 is being trained
loss saved ....
model 15/50 is being trained
loss saved ....
model 16/50 is being trained
loss saved ....
model 17/50 is being trained
loss saved ....
model 18/50 is being trained
loss saved ....
model 19/50 is being trained
loss saved ....
model 20/50 is being trained
loss saved ....
model 21/50 is being trained
loss saved ....
model 22/50 is being trained
loss saved ....
model 23/50 is being trained
loss saved ....
model 24/50 is being trained
loss saved ....
model 25/50 is being trained
loss saved ....
model 26/50 is being trained
loss saved ....
model 27/50 is being trained
loss saved ....
model 28/50 is being trained
loss saved ....
model 29/50 is being trained
loss saved ....
model 30/50 is being trained
loss saved ....
model 31/50 is being trained
loss saved ....
model 32/50 is being trained
loss saved ....
model 33/50 is being trained
loss saved ....
model 34/50 is being trained
loss saved ....
model 35/50 is being trained
loss saved ....
model 36/50 is being trained
loss saved ....
model 37/50 is being trained
loss saved ....
model 38/50 is being trained
loss saved ....
model 39/50 is being trained
loss saved ....
model 40/50 is being trained
loss saved ....
model 41/50 is being trained
loss saved ....
model 42/50 is being trained
loss saved ....
model 43/50 is being trained
loss saved ....
model 44/50 is being trained
loss saved ....
model 45/50 is being trained
loss saved ....
model 46/50 is being trained
loss saved ....
model 47/50 is being trained
loss saved ....
model 48/50 is being trained
loss saved ....
model 49/50 is being trained
loss saved ....
time per run  0.01903576111793518  minutes
total time with  50  runs :  0.9517881472905477  minutes
showing predictions in the test interval for week+1
prediction on test interval saved ...
showing predictions in the test interval for week+2
prediction on test interval saved ...
showing predictions in the test interval for week+3
prediction on test interval saved ...
showing predictions in the test interval for week+4
prediction on test interval saved ...
showing correlation of predicted vs real data in the test interval for week+1
correlation saved ...
showing correlation of predicted vs real data in the test interval for week+2
correlation saved ...
showing correlation of predicted vs real data in the test interval for week+3
correlation saved ...
showing correlation of predicted vs real data in the test interval for week+4
correlation saved ...
showing lower and upper bounds in test interval for week+1
saving figure to file
showing lower and upper bounds in test interval for week+2
saving figure to file
showing lower and upper bounds in test interval for week+3
saving figure to file
showing lower and upper bounds in test interval for week+4
saving figure to file
  OK: Piaui

  Treinando: Parana
run_code  25.06.2026_16h
file found ../data/25.06.2026_16h_training_data/Parana_time_series_weeks_2014.01-2025.52.csv
output directory ../results/training_and_test/25.06.2026_16h already exists. files will be rewritten ....
output directory ../results/models/25.06.2026_16h already exists. files will be rewritten ....
saved training and test timeseries for country Parana
training data shape> input:  (421, 14, 1)  output:  (421, 4, 1)  training interval: [ '2014.01' , '2021.35' ]
test data shape> input:  (172, 14, 1)  output:  (172, 4, 1)  test interval: [ '2021.36' , '2025.52' ]
Dispositivo: cuda
model 0/50 is being trained
loss saved ....
model 1/50 is being trained
loss saved ....
model 2/50 is being trained
loss saved ....
model 3/50 is being trained
loss saved ....
model 4/50 is being trained
loss saved ....
model 5/50 is being trained
loss saved ....
model 6/50 is being trained
loss saved ....
model 7/50 is being trained
loss saved ....
model 8/50 is being trained
loss saved ....
model 9/50 is being trained
loss saved ....
model 10/50 is being trained
loss saved ....
model 11/50 is being trained
loss saved ....
model 12/50 is being trained
loss saved ....
model 13/50 is being trained
loss saved ....
model 14/50 is being trained
loss saved ....
model 15/50 is being trained
loss saved ....
model 16/50 is being trained
loss saved ....
model 17/50 is being trained
loss saved ....
model 18/50 is being trained
loss saved ....
model 19/50 is being trained
loss saved ....
model 20/50 is being trained
loss saved ....
model 21/50 is being trained
loss saved ....
model 22/50 is being trained
loss saved ....
model 23/50 is being trained
loss saved ....
model 24/50 is being trained
loss saved ....
model 25/50 is being trained
loss saved ....
model 26/50 is being trained
loss saved ....
model 27/50 is being trained
loss saved ....
model 28/50 is being trained
loss saved ....
model 29/50 is being trained
loss saved ....
model 30/50 is being trained
loss saved ....
model 31/50 is being trained
loss saved ....
model 32/50 is being trained
loss saved ....
model 33/50 is being trained
loss saved ....
model 34/50 is being trained
loss saved ....
model 35/50 is being trained
loss saved ....
model 36/50 is being trained
loss saved ....
model 37/50 is being trained
loss saved ....
model 38/50 is being trained
loss saved ....
model 39/50 is being trained
loss saved ....
model 40/50 is being trained
loss saved ....
model 41/50 is being trained
loss saved ....
model 42/50 is being trained
loss saved ....
model 43/50 is being trained
loss saved ....
model 44/50 is being trained
loss saved ....
model 45/50 is being trained
loss saved ....
model 46/50 is being trained
loss saved ....
model 47/50 is being trained
loss saved ....
model 48/50 is being trained
loss saved ....
model 49/50 is being trained
loss saved ....
time per run  0.018665108839670815  minutes
total time with  50  runs :  0.9332555254300435  minutes
showing predictions in the test interval for week+1
prediction on test interval saved ...
showing predictions in the test interval for week+2
prediction on test interval saved ...
showing predictions in the test interval for week+3
prediction on test interval saved ...
showing predictions in the test interval for week+4
prediction on test interval saved ...
showing correlation of predicted vs real data in the test interval for week+1
correlation saved ...
showing correlation of predicted vs real data in the test interval for week+2
correlation saved ...
showing correlation of predicted vs real data in the test interval for week+3
correlation saved ...
showing correlation of predicted vs real data in the test interval for week+4
correlation saved ...
showing lower and upper bounds in test interval for week+1
saving figure to file
showing lower and upper bounds in test interval for week+2
saving figure to file
showing lower and upper bounds in test interval for week+3
saving figure to file
showing lower and upper bounds in test interval for week+4
saving figure to file
  OK: Parana

  Treinando: Rio de Janeiro
run_code  25.06.2026_16h
file found ../data/25.06.2026_16h_training_data/Rio de Janeiro_time_series_weeks_2014.01-2025.52.csv
output directory ../results/training_and_test/25.06.2026_16h already exists. files will be rewritten ....
output directory ../results/models/25.06.2026_16h already exists. files will be rewritten ....
saved training and test timeseries for country Rio de Janeiro
training data shape> input:  (421, 14, 1)  output:  (421, 4, 1)  training interval: [ '2014.01' , '2021.35' ]
test data shape> input:  (172, 14, 1)  output:  (172, 4, 1)  test interval: [ '2021.36' , '2025.52' ]
Dispositivo: cuda
model 0/50 is being trained
loss saved ....
model 1/50 is being trained
loss saved ....
model 2/50 is being trained
loss saved ....
model 3/50 is being trained
loss saved ....
model 4/50 is being trained
loss saved ....
model 5/50 is being trained
loss saved ....
model 6/50 is being trained
loss saved ....
model 7/50 is being trained
loss saved ....
model 8/50 is being trained
loss saved ....
model 9/50 is being trained
loss saved ....
model 10/50 is being trained
loss saved ....
model 11/50 is being trained
loss saved ....
model 12/50 is being trained
loss saved ....
model 13/50 is being trained
loss saved ....
model 14/50 is being trained
loss saved ....
model 15/50 is being trained
loss saved ....
model 16/50 is being trained
loss saved ....
model 17/50 is being trained
loss saved ....
model 18/50 is being trained
loss saved ....
model 19/50 is being trained
loss saved ....
model 20/50 is being trained
loss saved ....
model 21/50 is being trained
loss saved ....
model 22/50 is being trained
loss saved ....
model 23/50 is being trained
loss saved ....
model 24/50 is being trained
loss saved ....
model 25/50 is being trained
loss saved ....
model 26/50 is being trained
loss saved ....
model 27/50 is being trained
loss saved ....
model 28/50 is being trained
loss saved ....
model 29/50 is being trained
loss saved ....
model 30/50 is being trained
loss saved ....
model 31/50 is being trained
loss saved ....
model 32/50 is being trained
loss saved ....
model 33/50 is being trained
loss saved ....
model 34/50 is being trained
loss saved ....
model 35/50 is being trained
loss saved ....
model 36/50 is being trained
loss saved ....
model 37/50 is being trained
loss saved ....
model 38/50 is being trained
loss saved ....
model 39/50 is being trained
loss saved ....
model 40/50 is being trained
loss saved ....
model 41/50 is being trained
loss saved ....
model 42/50 is being trained
loss saved ....
model 43/50 is being trained
loss saved ....
model 44/50 is being trained
loss saved ....
model 45/50 is being trained
loss saved ....
model 46/50 is being trained
loss saved ....
model 47/50 is being trained
loss saved ....
model 48/50 is being trained
loss saved ....
model 49/50 is being trained
loss saved ....
time per run  0.018647330760955812  minutes
total time with  50  runs :  0.9323666214942932  minutes
showing predictions in the test interval for week+1
prediction on test interval saved ...
showing predictions in the test interval for week+2
prediction on test interval saved ...
showing predictions in the test interval for week+3
prediction on test interval saved ...
showing predictions in the test interval for week+4
prediction on test interval saved ...
showing correlation of predicted vs real data in the test interval for week+1
correlation saved ...
showing correlation of predicted vs real data in the test interval for week+2
correlation saved ...
showing correlation of predicted vs real data in the test interval for week+3
correlation saved ...
showing correlation of predicted vs real data in the test interval for week+4
correlation saved ...
showing lower and upper bounds in test interval for week+1
saving figure to file
showing lower and upper bounds in test interval for week+2
saving figure to file
showing lower and upper bounds in test interval for week+3
saving figure to file
showing lower and upper bounds in test interval for week+4
saving figure to file
  OK: Rio de Janeiro

  Treinando: Rio Grande do Norte
run_code  25.06.2026_16h
file found ../data/25.06.2026_16h_training_data/Rio Grande do Norte_time_series_weeks_2014.01-2025.52.csv
output directory ../results/training_and_test/25.06.2026_16h already exists. files will be rewritten ....
output directory ../results/models/25.06.2026_16h already exists. files will be rewritten ....
saved training and test timeseries for country Rio Grande do Norte
training data shape> input:  (421, 14, 1)  output:  (421, 4, 1)  training interval: [ '2014.01' , '2021.35' ]
test data shape> input:  (172, 14, 1)  output:  (172, 4, 1)  test interval: [ '2021.36' , '2025.52' ]
Dispositivo: cuda
model 0/50 is being trained
loss saved ....
model 1/50 is being trained
loss saved ....
model 2/50 is being trained
loss saved ....
model 3/50 is being trained
loss saved ....
model 4/50 is being trained
loss saved ....
model 5/50 is being trained
loss saved ....
model 6/50 is being trained
loss saved ....
model 7/50 is being trained
loss saved ....
model 8/50 is being trained
loss saved ....
model 9/50 is being trained
loss saved ....
model 10/50 is being trained
loss saved ....
model 11/50 is being trained
loss saved ....
model 12/50 is being trained
loss saved ....
model 13/50 is being trained
loss saved ....
model 14/50 is being trained
loss saved ....
model 15/50 is being trained
loss saved ....
model 16/50 is being trained
loss saved ....
model 17/50 is being trained
loss saved ....
model 18/50 is being trained
loss saved ....
model 19/50 is being trained
loss saved ....
model 20/50 is being trained
loss saved ....
model 21/50 is being trained
loss saved ....
model 22/50 is being trained
loss saved ....
model 23/50 is being trained
loss saved ....
model 24/50 is being trained
loss saved ....
model 25/50 is being trained
loss saved ....
model 26/50 is being trained
loss saved ....
model 27/50 is being trained
loss saved ....
model 28/50 is being trained
loss saved ....
model 29/50 is being trained
loss saved ....
model 30/50 is being trained
loss saved ....
model 31/50 is being trained
loss saved ....
model 32/50 is being trained
loss saved ....
model 33/50 is being trained
loss saved ....
model 34/50 is being trained
loss saved ....
model 35/50 is being trained
loss saved ....
model 36/50 is being trained
loss saved ....
model 37/50 is being trained
loss saved ....
model 38/50 is being trained
loss saved ....
model 39/50 is being trained
loss saved ....
model 40/50 is being trained
loss saved ....
model 41/50 is being trained
loss saved ....
model 42/50 is being trained
loss saved ....
model 43/50 is being trained
loss saved ....
model 44/50 is being trained
loss saved ....
model 45/50 is being trained
loss saved ....
model 46/50 is being trained
loss saved ....
model 47/50 is being trained
loss saved ....
model 48/50 is being trained
loss saved ....
model 49/50 is being trained
loss saved ....
time per run  0.018851351737976075  minutes
total time with  50  runs :  0.9425676743189494  minutes
showing predictions in the test interval for week+1
prediction on test interval saved ...
showing predictions in the test interval for week+2
prediction on test interval saved ...
showing predictions in the test interval for week+3
prediction on test interval saved ...
showing predictions in the test interval for week+4
prediction on test interval saved ...
showing correlation of predicted vs real data in the test interval for week+1
correlation saved ...
showing correlation of predicted vs real data in the test interval for week+2
correlation saved ...
showing correlation of predicted vs real data in the test interval for week+3
correlation saved ...
showing correlation of predicted vs real data in the test interval for week+4
correlation saved ...
showing lower and upper bounds in test interval for week+1
saving figure to file
showing lower and upper bounds in test interval for week+2
saving figure to file
showing lower and upper bounds in test interval for week+3
saving figure to file
showing lower and upper bounds in test interval for week+4
saving figure to file
  OK: Rio Grande do Norte

  Treinando: Rondonia
run_code  25.06.2026_16h
file found ../data/25.06.2026_16h_training_data/Rondonia_time_series_weeks_2014.01-2025.52.csv
output directory ../results/training_and_test/25.06.2026_16h already exists. files will be rewritten ....
output directory ../results/models/25.06.2026_16h already exists. files will be rewritten ....
saved training and test timeseries for country Rondonia
training data shape> input:  (421, 14, 1)  output:  (421, 4, 1)  training interval: [ '2014.01' , '2021.35' ]
test data shape> input:  (172, 14, 1)  output:  (172, 4, 1)  test interval: [ '2021.36' , '2025.52' ]
Dispositivo: cuda
model 0/50 is being trained
loss saved ....
model 1/50 is being trained
loss saved ....
model 2/50 is being trained
loss saved ....
model 3/50 is being trained
loss saved ....
model 4/50 is being trained
loss saved ....
model 5/50 is being trained
loss saved ....
model 6/50 is being trained
loss saved ....
model 7/50 is being trained
loss saved ....
model 8/50 is being trained
loss saved ....
model 9/50 is being trained
loss saved ....
model 10/50 is being trained
loss saved ....
model 11/50 is being trained
loss saved ....
model 12/50 is being trained
loss saved ....
model 13/50 is being trained
loss saved ....
model 14/50 is being trained
loss saved ....
model 15/50 is being trained
loss saved ....
model 16/50 is being trained
loss saved ....
model 17/50 is being trained
loss saved ....
model 18/50 is being trained
loss saved ....
model 19/50 is being trained
loss saved ....
model 20/50 is being trained
loss saved ....
model 21/50 is being trained
loss saved ....
model 22/50 is being trained
loss saved ....
model 23/50 is being trained
loss saved ....
model 24/50 is being trained
loss saved ....
model 25/50 is being trained
loss saved ....
model 26/50 is being trained
loss saved ....
model 27/50 is being trained
loss saved ....
model 28/50 is being trained
loss saved ....
model 29/50 is being trained
loss saved ....
model 30/50 is being trained
loss saved ....
model 31/50 is being trained
loss saved ....
model 32/50 is being trained
loss saved ....
model 33/50 is being trained
loss saved ....
model 34/50 is being trained
loss saved ....
model 35/50 is being trained
loss saved ....
model 36/50 is being trained
loss saved ....
model 37/50 is being trained
loss saved ....
model 38/50 is being trained
loss saved ....
model 39/50 is being trained
loss saved ....
model 40/50 is being trained
loss saved ....
model 41/50 is being trained
loss saved ....
model 42/50 is being trained
loss saved ....
model 43/50 is being trained
loss saved ....
model 44/50 is being trained
loss saved ....
model 45/50 is being trained
loss saved ....
model 46/50 is being trained
loss saved ....
model 47/50 is being trained
loss saved ....
model 48/50 is being trained
loss saved ....
model 49/50 is being trained
loss saved ....
time per run  0.018887545665105185  minutes
total time with  50  runs :  0.9443773786226909  minutes
showing predictions in the test interval for week+1
prediction on test interval saved ...
showing predictions in the test interval for week+2
prediction on test interval saved ...
showing predictions in the test interval for week+3
prediction on test interval saved ...
showing predictions in the test interval for week+4
prediction on test interval saved ...
showing correlation of predicted vs real data in the test interval for week+1
correlation saved ...
showing correlation of predicted vs real data in the test interval for week+2
correlation saved ...
showing correlation of predicted vs real data in the test interval for week+3
correlation saved ...
showing correlation of predicted vs real data in the test interval for week+4
correlation saved ...
showing lower and upper bounds in test interval for week+1
saving figure to file
showing lower and upper bounds in test interval for week+2
saving figure to file
showing lower and upper bounds in test interval for week+3
saving figure to file
showing lower and upper bounds in test interval for week+4
saving figure to file
  OK: Rondonia

  Treinando: Roraima
run_code  25.06.2026_16h
file found ../data/25.06.2026_16h_training_data/Roraima_time_series_weeks_2014.01-2025.52.csv
output directory ../results/training_and_test/25.06.2026_16h already exists. files will be rewritten ....
output directory ../results/models/25.06.2026_16h already exists. files will be rewritten ....
saved training and test timeseries for country Roraima
training data shape> input:  (421, 14, 1)  output:  (421, 4, 1)  training interval: [ '2014.01' , '2021.35' ]
test data shape> input:  (172, 14, 1)  output:  (172, 4, 1)  test interval: [ '2021.36' , '2025.52' ]
Dispositivo: cuda
model 0/50 is being trained
loss saved ....
model 1/50 is being trained
loss saved ....
model 2/50 is being trained
loss saved ....
model 3/50 is being trained
loss saved ....
model 4/50 is being trained
loss saved ....
model 5/50 is being trained
loss saved ....
model 6/50 is being trained
loss saved ....
model 7/50 is being trained
loss saved ....
model 8/50 is being trained
loss saved ....
model 9/50 is being trained
loss saved ....
model 10/50 is being trained
loss saved ....
model 11/50 is being trained
loss saved ....
model 12/50 is being trained
loss saved ....
model 13/50 is being trained
loss saved ....
model 14/50 is being trained
loss saved ....
model 15/50 is being trained
loss saved ....
model 16/50 is being trained
loss saved ....
model 17/50 is being trained
loss saved ....
model 18/50 is being trained
loss saved ....
model 19/50 is being trained
loss saved ....
model 20/50 is being trained
loss saved ....
model 21/50 is being trained
loss saved ....
model 22/50 is being trained
loss saved ....
model 23/50 is being trained
loss saved ....
model 24/50 is being trained
loss saved ....
model 25/50 is being trained
loss saved ....
model 26/50 is being trained
loss saved ....
model 27/50 is being trained
loss saved ....
model 28/50 is being trained
loss saved ....
model 29/50 is being trained
loss saved ....
model 30/50 is being trained
loss saved ....
model 31/50 is being trained
loss saved ....
model 32/50 is being trained
loss saved ....
model 33/50 is being trained
loss saved ....
model 34/50 is being trained
loss saved ....
model 35/50 is being trained
loss saved ....
model 36/50 is being trained
loss saved ....
model 37/50 is being trained
loss saved ....
model 38/50 is being trained
loss saved ....
model 39/50 is being trained
loss saved ....
model 40/50 is being trained
loss saved ....
model 41/50 is being trained
loss saved ....
model 42/50 is being trained
loss saved ....
model 43/50 is being trained
loss saved ....
model 44/50 is being trained
loss saved ....
model 45/50 is being trained
loss saved ....
model 46/50 is being trained
loss saved ....
model 47/50 is being trained
loss saved ....
model 48/50 is being trained
loss saved ....
model 49/50 is being trained
loss saved ....
time per run  0.01916777682304382  minutes
total time with  50  runs :  0.9583890438079834  minutes
showing predictions in the test interval for week+1
prediction on test interval saved ...
showing predictions in the test interval for week+2
prediction on test interval saved ...
showing predictions in the test interval for week+3
prediction on test interval saved ...
showing predictions in the test interval for week+4
prediction on test interval saved ...
showing correlation of predicted vs real data in the test interval for week+1
correlation saved ...
showing correlation of predicted vs real data in the test interval for week+2
correlation saved ...
showing correlation of predicted vs real data in the test interval for week+3
correlation saved ...
showing correlation of predicted vs real data in the test interval for week+4
correlation saved ...
showing lower and upper bounds in test interval for week+1
saving figure to file
showing lower and upper bounds in test interval for week+2
saving figure to file
showing lower and upper bounds in test interval for week+3
saving figure to file
showing lower and upper bounds in test interval for week+4
saving figure to file
  OK: Roraima

  Treinando: Sergipe
run_code  25.06.2026_16h
file found ../data/25.06.2026_16h_training_data/Sergipe_time_series_weeks_2014.01-2025.52.csv
output directory ../results/training_and_test/25.06.2026_16h already exists. files will be rewritten ....
output directory ../results/models/25.06.2026_16h already exists. files will be rewritten ....
saved training and test timeseries for country Sergipe
training data shape> input:  (421, 14, 1)  output:  (421, 4, 1)  training interval: [ '2014.01' , '2021.35' ]
test data shape> input:  (172, 14, 1)  output:  (172, 4, 1)  test interval: [ '2021.36' , '2025.52' ]
Dispositivo: cuda
model 0/50 is being trained
loss saved ....
model 1/50 is being trained
loss saved ....
model 2/50 is being trained
loss saved ....
model 3/50 is being trained
loss saved ....
model 4/50 is being trained
loss saved ....
model 5/50 is being trained
loss saved ....
model 6/50 is being trained
loss saved ....
model 7/50 is being trained
loss saved ....
model 8/50 is being trained
loss saved ....
model 9/50 is being trained
loss saved ....
model 10/50 is being trained
loss saved ....
model 11/50 is being trained
loss saved ....
model 12/50 is being trained
loss saved ....
model 13/50 is being trained
loss saved ....
model 14/50 is being trained
loss saved ....
model 15/50 is being trained
loss saved ....
model 16/50 is being trained
loss saved ....
model 17/50 is being trained
loss saved ....
model 18/50 is being trained
loss saved ....
model 19/50 is being trained
loss saved ....
model 20/50 is being trained
loss saved ....
model 21/50 is being trained
loss saved ....
model 22/50 is being trained
loss saved ....
model 23/50 is being trained
loss saved ....
model 24/50 is being trained
loss saved ....
model 25/50 is being trained
loss saved ....
model 26/50 is being trained
loss saved ....
model 27/50 is being trained
loss saved ....
model 28/50 is being trained
loss saved ....
model 29/50 is being trained
loss saved ....
model 30/50 is being trained
loss saved ....
model 31/50 is being trained
loss saved ....
model 32/50 is being trained
loss saved ....
model 33/50 is being trained
loss saved ....
model 34/50 is being trained
loss saved ....
model 35/50 is being trained
loss saved ....
model 36/50 is being trained
loss saved ....
model 37/50 is being trained
loss saved ....
model 38/50 is being trained
loss saved ....
model 39/50 is being trained
loss saved ....
model 40/50 is being trained
loss saved ....
model 41/50 is being trained
loss saved ....
model 42/50 is being trained
loss saved ....
model 43/50 is being trained
loss saved ....
model 44/50 is being trained
loss saved ....
model 45/50 is being trained
loss saved ....
model 46/50 is being trained
loss saved ....
model 47/50 is being trained
loss saved ....
model 48/50 is being trained
loss saved ....
model 49/50 is being trained
loss saved ....
time per run  0.018778475284576417  minutes
total time with  50  runs :  0.9389238357543945  minutes
showing predictions in the test interval for week+1
prediction on test interval saved ...
showing predictions in the test interval for week+2
prediction on test interval saved ...
showing predictions in the test interval for week+3
prediction on test interval saved ...
showing predictions in the test interval for week+4
prediction on test interval saved ...
showing correlation of predicted vs real data in the test interval for week+1
correlation saved ...
showing correlation of predicted vs real data in the test interval for week+2
correlation saved ...
showing correlation of predicted vs real data in the test interval for week+3
correlation saved ...
showing correlation of predicted vs real data in the test interval for week+4
correlation saved ...
showing lower and upper bounds in test interval for week+1
saving figure to file
showing lower and upper bounds in test interval for week+2
saving figure to file
showing lower and upper bounds in test interval for week+3
saving figure to file
showing lower and upper bounds in test interval for week+4
saving figure to file
  OK: Sergipe

  Treinando: Sao Paulo
run_code  25.06.2026_16h
file found ../data/25.06.2026_16h_training_data/Sao Paulo_time_series_weeks_2014.01-2025.52.csv
output directory ../results/training_and_test/25.06.2026_16h already exists. files will be rewritten ....
output directory ../results/models/25.06.2026_16h already exists. files will be rewritten ....
saved training and test timeseries for country Sao Paulo
training data shape> input:  (421, 14, 1)  output:  (421, 4, 1)  training interval: [ '2014.01' , '2021.35' ]
test data shape> input:  (172, 14, 1)  output:  (172, 4, 1)  test interval: [ '2021.36' , '2025.52' ]
Dispositivo: cuda
model 0/50 is being trained
loss saved ....
model 1/50 is being trained
loss saved ....
model 2/50 is being trained
loss saved ....
model 3/50 is being trained
loss saved ....
model 4/50 is being trained
loss saved ....
model 5/50 is being trained
loss saved ....
model 6/50 is being trained
loss saved ....
model 7/50 is being trained
loss saved ....
model 8/50 is being trained
loss saved ....
model 9/50 is being trained
loss saved ....
model 10/50 is being trained
loss saved ....
model 11/50 is being trained
loss saved ....
model 12/50 is being trained
loss saved ....
model 13/50 is being trained
loss saved ....
model 14/50 is being trained
loss saved ....
model 15/50 is being trained
loss saved ....
model 16/50 is being trained
loss saved ....
model 17/50 is being trained
loss saved ....
model 18/50 is being trained
loss saved ....
model 19/50 is being trained
loss saved ....
model 20/50 is being trained
loss saved ....
model 21/50 is being trained
loss saved ....
model 22/50 is being trained
loss saved ....
model 23/50 is being trained
loss saved ....
model 24/50 is being trained
loss saved ....
model 25/50 is being trained
loss saved ....
model 26/50 is being trained
loss saved ....
model 27/50 is being trained
loss saved ....
model 28/50 is being trained
loss saved ....
model 29/50 is being trained
loss saved ....
model 30/50 is being trained
loss saved ....
model 31/50 is being trained
loss saved ....
model 32/50 is being trained
loss saved ....
model 33/50 is being trained
loss saved ....
model 34/50 is being trained
loss saved ....
model 35/50 is being trained
loss saved ....
model 36/50 is being trained
loss saved ....
model 37/50 is being trained
loss saved ....
model 38/50 is being trained
loss saved ....
model 39/50 is being trained
loss saved ....
model 40/50 is being trained
loss saved ....
model 41/50 is being trained
loss saved ....
model 42/50 is being trained
loss saved ....
model 43/50 is being trained
loss saved ....
model 44/50 is being trained
loss saved ....
model 45/50 is being trained
loss saved ....
model 46/50 is being trained
loss saved ....
model 47/50 is being trained
loss saved ....
model 48/50 is being trained
loss saved ....
model 49/50 is being trained
loss saved ....
time per run  0.019140667994817097  minutes
total time with  50  runs :  0.9570335030555726  minutes
showing predictions in the test interval for week+1
prediction on test interval saved ...
showing predictions in the test interval for week+2
prediction on test interval saved ...
showing predictions in the test interval for week+3
prediction on test interval saved ...
showing predictions in the test interval for week+4
prediction on test interval saved ...
showing correlation of predicted vs real data in the test interval for week+1
correlation saved ...
showing correlation of predicted vs real data in the test interval for week+2
correlation saved ...
showing correlation of predicted vs real data in the test interval for week+3
correlation saved ...
showing correlation of predicted vs real data in the test interval for week+4
correlation saved ...
showing lower and upper bounds in test interval for week+1
saving figure to file
showing lower and upper bounds in test interval for week+2
saving figure to file
showing lower and upper bounds in test interval for week+3
saving figure to file
showing lower and upper bounds in test interval for week+4
saving figure to file
  OK: Sao Paulo

  Treinando: Tocantins
run_code  25.06.2026_16h
file found ../data/25.06.2026_16h_training_data/Tocantins_time_series_weeks_2014.01-2025.52.csv
output directory ../results/training_and_test/25.06.2026_16h already exists. files will be rewritten ....
output directory ../results/models/25.06.2026_16h already exists. files will be rewritten ....
saved training and test timeseries for country Tocantins
training data shape> input:  (421, 14, 1)  output:  (421, 4, 1)  training interval: [ '2014.01' , '2021.35' ]
test data shape> input:  (172, 14, 1)  output:  (172, 4, 1)  test interval: [ '2021.36' , '2025.52' ]
Dispositivo: cuda
model 0/50 is being trained
loss saved ....
model 1/50 is being trained
loss saved ....
model 2/50 is being trained
loss saved ....
model 3/50 is being trained
loss saved ....
model 4/50 is being trained
loss saved ....
model 5/50 is being trained
loss saved ....
model 6/50 is being trained
loss saved ....
model 7/50 is being trained
loss saved ....
model 8/50 is being trained
loss saved ....
model 9/50 is being trained
loss saved ....
model 10/50 is being trained
loss saved ....
model 11/50 is being trained
loss saved ....
model 12/50 is being trained
loss saved ....
model 13/50 is being trained
loss saved ....
model 14/50 is being trained
loss saved ....
model 15/50 is being trained
loss saved ....
model 16/50 is being trained
loss saved ....
model 17/50 is being trained
loss saved ....
model 18/50 is being trained
loss saved ....
model 19/50 is being trained
loss saved ....
model 20/50 is being trained
loss saved ....
model 21/50 is being trained
loss saved ....
model 22/50 is being trained
loss saved ....
model 23/50 is being trained
loss saved ....
model 24/50 is being trained
loss saved ....
model 25/50 is being trained
loss saved ....
model 26/50 is being trained
loss saved ....
model 27/50 is being trained
loss saved ....
model 28/50 is being trained
loss saved ....
model 29/50 is being trained
loss saved ....
model 30/50 is being trained
loss saved ....
model 31/50 is being trained
loss saved ....
model 32/50 is being trained
loss saved ....
model 33/50 is being trained
loss saved ....
model 34/50 is being trained
loss saved ....
model 35/50 is being trained
loss saved ....
model 36/50 is being trained
loss saved ....
model 37/50 is being trained
loss saved ....
model 38/50 is being trained
loss saved ....
model 39/50 is being trained
loss saved ....
model 40/50 is being trained
loss saved ....
model 41/50 is being trained
loss saved ....
model 42/50 is being trained
loss saved ....
model 43/50 is being trained
loss saved ....
model 44/50 is being trained
loss saved ....
model 45/50 is being trained
loss saved ....
model 46/50 is being trained
loss saved ....
model 47/50 is being trained
loss saved ....
model 48/50 is being trained
loss saved ....
model 49/50 is being trained
loss saved ....
time per run  0.01882650558153788  minutes
total time with  50  runs :  0.9413253784179687  minutes
showing predictions in the test interval for week+1
prediction on test interval saved ...
showing predictions in the test interval for week+2
prediction on test interval saved ...
showing predictions in the test interval for week+3
prediction on test interval saved ...
showing predictions in the test interval for week+4
prediction on test interval saved ...
showing correlation of predicted vs real data in the test interval for week+1
correlation saved ...
showing correlation of predicted vs real data in the test interval for week+2
correlation saved ...
showing correlation of predicted vs real data in the test interval for week+3
correlation saved ...
showing correlation of predicted vs real data in the test interval for week+4
correlation saved ...
showing lower and upper bounds in test interval for week+1
saving figure to file
showing lower and upper bounds in test interval for week+2
saving figure to file
showing lower and upper bounds in test interval for week+3
saving figure to file
showing lower and upper bounds in test interval for week+4
saving figure to file
  OK: Tocantins

  Treinando: Amapa
run_code  25.06.2026_16h
file found ../data/25.06.2026_16h_training_data/Amapa_time_series_weeks_2014.01-2025.52.csv
output directory ../results/training_and_test/25.06.2026_16h already exists. files will be rewritten ....
output directory ../results/models/25.06.2026_16h already exists. files will be rewritten ....
saved training and test timeseries for country Amapa
training data shape> input:  (421, 14, 1)  output:  (421, 4, 1)  training interval: [ '2014.01' , '2021.35' ]
test data shape> input:  (172, 14, 1)  output:  (172, 4, 1)  test interval: [ '2021.36' , '2025.52' ]
Dispositivo: cuda
model 0/50 is being trained
loss saved ....
model 1/50 is being trained
loss saved ....
model 2/50 is being trained
loss saved ....
model 3/50 is being trained
loss saved ....
model 4/50 is being trained
loss saved ....
model 5/50 is being trained
loss saved ....
model 6/50 is being trained
loss saved ....
model 7/50 is being trained
loss saved ....
model 8/50 is being trained
loss saved ....
model 9/50 is being trained
loss saved ....
model 10/50 is being trained
loss saved ....
model 11/50 is being trained
loss saved ....
model 12/50 is being trained
loss saved ....
model 13/50 is being trained
loss saved ....
model 14/50 is being trained
loss saved ....
model 15/50 is being trained
loss saved ....
model 16/50 is being trained
loss saved ....
model 17/50 is being trained
loss saved ....
model 18/50 is being trained
loss saved ....
model 19/50 is being trained
loss saved ....
model 20/50 is being trained
loss saved ....
model 21/50 is being trained
loss saved ....
model 22/50 is being trained
loss saved ....
model 23/50 is being trained
loss saved ....
model 24/50 is being trained
loss saved ....
model 25/50 is being trained
loss saved ....
model 26/50 is being trained
loss saved ....
model 27/50 is being trained
loss saved ....
model 28/50 is being trained
loss saved ....
model 29/50 is being trained
loss saved ....
model 30/50 is being trained
loss saved ....
model 31/50 is being trained
loss saved ....
model 32/50 is being trained
loss saved ....
model 33/50 is being trained
loss saved ....
model 34/50 is being trained
loss saved ....
model 35/50 is being trained
loss saved ....
model 36/50 is being trained
loss saved ....
model 37/50 is being trained
loss saved ....
model 38/50 is being trained
loss saved ....
model 39/50 is being trained
loss saved ....
model 40/50 is being trained
loss saved ....
model 41/50 is being trained
loss saved ....
model 42/50 is being trained
loss saved ....
model 43/50 is being trained
loss saved ....
model 44/50 is being trained
loss saved ....
model 45/50 is being trained
loss saved ....
model 46/50 is being trained
loss saved ....
model 47/50 is being trained
loss saved ....
model 48/50 is being trained
loss saved ....
model 49/50 is being trained
loss saved ....
time per run  0.019531479676564534  minutes
total time with  50  runs :  0.9765741070111592  minutes
showing predictions in the test interval for week+1
prediction on test interval saved ...
showing predictions in the test interval for week+2
prediction on test interval saved ...
showing predictions in the test interval for week+3
prediction on test interval saved ...
showing predictions in the test interval for week+4
prediction on test interval saved ...
showing correlation of predicted vs real data in the test interval for week+1
correlation saved ...
showing correlation of predicted vs real data in the test interval for week+2
correlation saved ...
showing correlation of predicted vs real data in the test interval for week+3
correlation saved ...
showing correlation of predicted vs real data in the test interval for week+4
correlation saved ...
showing lower and upper bounds in test interval for week+1
saving figure to file
showing lower and upper bounds in test interval for week+2
saving figure to file
showing lower and upper bounds in test interval for week+3
saving figure to file
showing lower and upper bounds in test interval for week+4
saving figure to file
  OK: Amapa

  Treinando: Rio Grande do Sul
run_code  25.06.2026_16h
file found ../data/25.06.2026_16h_training_data/Rio Grande do Sul_time_series_weeks_2014.01-2025.52.csv
output directory ../results/training_and_test/25.06.2026_16h already exists. files will be rewritten ....
output directory ../results/models/25.06.2026_16h already exists. files will be rewritten ....
saved training and test timeseries for country Rio Grande do Sul
training data shape> input:  (421, 14, 1)  output:  (421, 4, 1)  training interval: [ '2014.01' , '2021.35' ]
test data shape> input:  (172, 14, 1)  output:  (172, 4, 1)  test interval: [ '2021.36' , '2025.52' ]
Dispositivo: cuda
model 0/50 is being trained
loss saved ....
model 1/50 is being trained
loss saved ....
model 2/50 is being trained
loss saved ....
model 3/50 is being trained
loss saved ....
model 4/50 is being trained
loss saved ....
model 5/50 is being trained
loss saved ....
model 6/50 is being trained
loss saved ....
model 7/50 is being trained
loss saved ....
model 8/50 is being trained
loss saved ....
model 9/50 is being trained
loss saved ....
model 10/50 is being trained
loss saved ....
model 11/50 is being trained
loss saved ....
model 12/50 is being trained
loss saved ....
model 13/50 is being trained
loss saved ....
model 14/50 is being trained
loss saved ....
model 15/50 is being trained
loss saved ....
model 16/50 is being trained
loss saved ....
model 17/50 is being trained
loss saved ....
model 18/50 is being trained
loss saved ....
model 19/50 is being trained
loss saved ....
model 20/50 is being trained
loss saved ....
model 21/50 is being trained
loss saved ....
model 22/50 is being trained
loss saved ....
model 23/50 is being trained
loss saved ....
model 24/50 is being trained
loss saved ....
model 25/50 is being trained
loss saved ....
model 26/50 is being trained
loss saved ....
model 27/50 is being trained
loss saved ....
model 28/50 is being trained
loss saved ....
model 29/50 is being trained
loss saved ....
model 30/50 is being trained
loss saved ....
model 31/50 is being trained
loss saved ....
model 32/50 is being trained
loss saved ....
model 33/50 is being trained
loss saved ....
model 34/50 is being trained
loss saved ....
model 35/50 is being trained
loss saved ....
model 36/50 is being trained
loss saved ....
model 37/50 is being trained
loss saved ....
model 38/50 is being trained
loss saved ....
model 39/50 is being trained
loss saved ....
model 40/50 is being trained
loss saved ....
model 41/50 is being trained
loss saved ....
model 42/50 is being trained
loss saved ....
model 43/50 is being trained
loss saved ....
model 44/50 is being trained
loss saved ....
model 45/50 is being trained
loss saved ....
model 46/50 is being trained
loss saved ....
model 47/50 is being trained
loss saved ....
model 48/50 is being trained
loss saved ....
model 49/50 is being trained
loss saved ....
time per run  0.018590010325113933  minutes
total time with  50  runs :  0.9295006036758423  minutes
showing predictions in the test interval for week+1
prediction on test interval saved ...
showing predictions in the test interval for week+2
prediction on test interval saved ...
showing predictions in the test interval for week+3
prediction on test interval saved ...
showing predictions in the test interval for week+4
prediction on test interval saved ...
showing correlation of predicted vs real data in the test interval for week+1
correlation saved ...
showing correlation of predicted vs real data in the test interval for week+2
correlation saved ...
showing correlation of predicted vs real data in the test interval for week+3
correlation saved ...
showing correlation of predicted vs real data in the test interval for week+4
correlation saved ...
showing lower and upper bounds in test interval for week+1
saving figure to file
showing lower and upper bounds in test interval for week+2
saving figure to file
showing lower and upper bounds in test interval for week+3
saving figure to file
showing lower and upper bounds in test interval for week+4
saving figure to file
  OK: Rio Grande do Sul

  Treinando: Santa Catarina
run_code  25.06.2026_16h
file found ../data/25.06.2026_16h_training_data/Santa Catarina_time_series_weeks_2014.01-2025.52.csv
output directory ../results/training_and_test/25.06.2026_16h already exists. files will be rewritten ....
output directory ../results/models/25.06.2026_16h already exists. files will be rewritten ....
saved training and test timeseries for country Santa Catarina
training data shape> input:  (421, 14, 1)  output:  (421, 4, 1)  training interval: [ '2014.01' , '2021.35' ]
test data shape> input:  (172, 14, 1)  output:  (172, 4, 1)  test interval: [ '2021.36' , '2025.52' ]
Dispositivo: cuda
model 0/50 is being trained
loss saved ....
model 1/50 is being trained
loss saved ....
model 2/50 is being trained
loss saved ....
model 3/50 is being trained
loss saved ....
model 4/50 is being trained
loss saved ....
model 5/50 is being trained
loss saved ....
model 6/50 is being trained
loss saved ....
model 7/50 is being trained
loss saved ....
model 8/50 is being trained
loss saved ....
model 9/50 is being trained
loss saved ....
model 10/50 is being trained
loss saved ....
model 11/50 is being trained
loss saved ....
model 12/50 is being trained
loss saved ....
model 13/50 is being trained
loss saved ....
model 14/50 is being trained
loss saved ....
model 15/50 is being trained
loss saved ....
model 16/50 is being trained
loss saved ....
model 17/50 is being trained
loss saved ....
model 18/50 is being trained
loss saved ....
model 19/50 is being trained
loss saved ....
model 20/50 is being trained
loss saved ....
model 21/50 is being trained
loss saved ....
model 22/50 is being trained
loss saved ....
model 23/50 is being trained
loss saved ....
model 24/50 is being trained
loss saved ....
model 25/50 is being trained
loss saved ....
model 26/50 is being trained
loss saved ....
model 27/50 is being trained
loss saved ....
model 28/50 is being trained
loss saved ....
model 29/50 is being trained
loss saved ....
model 30/50 is being trained
loss saved ....
model 31/50 is being trained
loss saved ....
model 32/50 is being trained
loss saved ....
model 33/50 is being trained
loss saved ....
model 34/50 is being trained
loss saved ....
model 35/50 is being trained
loss saved ....
model 36/50 is being trained
loss saved ....
model 37/50 is being trained
loss saved ....
model 38/50 is being trained
loss saved ....
model 39/50 is being trained
loss saved ....
model 40/50 is being trained
loss saved ....
model 41/50 is being trained
loss saved ....
model 42/50 is being trained
loss saved ....
model 43/50 is being trained
loss saved ....
model 44/50 is being trained
loss saved ....
model 45/50 is being trained
loss saved ....
model 46/50 is being trained
loss saved ....
model 47/50 is being trained
loss saved ....
model 48/50 is being trained
loss saved ....
model 49/50 is being trained
loss saved ....
time per run  0.019147556622823077  minutes
total time with  50  runs :  0.9573779225349426  minutes
showing predictions in the test interval for week+1
prediction on test interval saved ...
showing predictions in the test interval for week+2
prediction on test interval saved ...
showing predictions in the test interval for week+3
prediction on test interval saved ...
showing predictions in the test interval for week+4
prediction on test interval saved ...
showing correlation of predicted vs real data in the test interval for week+1
correlation saved ...
showing correlation of predicted vs real data in the test interval for week+2
correlation saved ...
showing correlation of predicted vs real data in the test interval for week+3
correlation saved ...
showing correlation of predicted vs real data in the test interval for week+4
correlation saved ...
showing lower and upper bounds in test interval for week+1
saving figure to file
showing lower and upper bounds in test interval for week+2
saving figure to file
showing lower and upper bounds in test interval for week+3
saving figure to file
showing lower and upper bounds in test interval for week+4
saving figure to file
  OK: Santa Catarina

  Treinando: Para
run_code  25.06.2026_16h
file found ../data/25.06.2026_16h_training_data/Para_time_series_weeks_2014.01-2025.52.csv
output directory ../results/training_and_test/25.06.2026_16h already exists. files will be rewritten ....
output directory ../results/models/25.06.2026_16h already exists. files will be rewritten ....
saved training and test timeseries for country Para
training data shape> input:  (421, 14, 1)  output:  (421, 4, 1)  training interval: [ '2014.01' , '2021.35' ]
test data shape> input:  (172, 14, 1)  output:  (172, 4, 1)  test interval: [ '2021.36' , '2025.52' ]
Dispositivo: cuda
model 0/50 is being trained
loss saved ....
model 1/50 is being trained
loss saved ....
model 2/50 is being trained
loss saved ....
model 3/50 is being trained
loss saved ....
model 4/50 is being trained
loss saved ....
model 5/50 is being trained
loss saved ....
model 6/50 is being trained
loss saved ....
model 7/50 is being trained
loss saved ....
model 8/50 is being trained
loss saved ....
model 9/50 is being trained
loss saved ....
model 10/50 is being trained
loss saved ....
model 11/50 is being trained
loss saved ....
model 12/50 is being trained
loss saved ....
model 13/50 is being trained
loss saved ....
model 14/50 is being trained
loss saved ....
model 15/50 is being trained
loss saved ....
model 16/50 is being trained
loss saved ....
model 17/50 is being trained
loss saved ....
model 18/50 is being trained
loss saved ....
model 19/50 is being trained
loss saved ....
model 20/50 is being trained
loss saved ....
model 21/50 is being trained
loss saved ....
model 22/50 is being trained
loss saved ....
model 23/50 is being trained
loss saved ....
model 24/50 is being trained
loss saved ....
model 25/50 is being trained
loss saved ....
model 26/50 is being trained
loss saved ....
model 27/50 is being trained
loss saved ....
model 28/50 is being trained
loss saved ....
model 29/50 is being trained
loss saved ....
model 30/50 is being trained
loss saved ....
model 31/50 is being trained
loss saved ....
model 32/50 is being trained
loss saved ....
model 33/50 is being trained
loss saved ....
model 34/50 is being trained
loss saved ....
model 35/50 is being trained
loss saved ....
model 36/50 is being trained
loss saved ....
model 37/50 is being trained
loss saved ....
model 38/50 is being trained
loss saved ....
model 39/50 is being trained
loss saved ....
model 40/50 is being trained
loss saved ....
model 41/50 is being trained
loss saved ....
model 42/50 is being trained
loss saved ....
model 43/50 is being trained
loss saved ....
model 44/50 is being trained
loss saved ....
model 45/50 is being trained
loss saved ....
model 46/50 is being trained
loss saved ....
model 47/50 is being trained
loss saved ....
model 48/50 is being trained
loss saved ....
model 49/50 is being trained
loss saved ....
time per run  0.018779263893763224  minutes
total time with  50  runs :  0.9389632741610209  minutes
showing predictions in the test interval for week+1
prediction on test interval saved ...
showing predictions in the test interval for week+2
prediction on test interval saved ...
showing predictions in the test interval for week+3
prediction on test interval saved ...
showing predictions in the test interval for week+4
prediction on test interval saved ...
showing correlation of predicted vs real data in the test interval for week+1
correlation saved ...
showing correlation of predicted vs real data in the test interval for week+2
correlation saved ...
showing correlation of predicted vs real data in the test interval for week+3
correlation saved ...
showing correlation of predicted vs real data in the test interval for week+4
correlation saved ...
showing lower and upper bounds in test interval for week+1
saving figure to file
showing lower and upper bounds in test interval for week+2
saving figure to file
showing lower and upper bounds in test interval for week+3
saving figure to file
showing lower and upper bounds in test interval for week+4
saving figure to file
  OK: Para

Diretório de modelos: /home/christian/Scientific_Initiation_Dashboard/Dashboard/DENGUE_PIPELINE 2 DEPLOY EMPTY (1)(1)/DENGUE_PIPELINE 2 DEPLOY EMPTY/bash_scripts/../results/models/25.06.2026_16h

--------------------------------------------------------
ETAPA 3/3 — PREDIÇÃO
--------------------------------------------------------
  Predizendo: Brasil
data_run_code:  25.06.2026_16h
model_run_code: 25.06.2026_16h
Arquivo encontrado: ../data/25.06.2026_16h_training_data/Brasil_time_series_weeks_2014.01-2025.52.csv
Semanas no dataset: 627  (2014.01 → 2025.52)
Saída: ../results/predictions/DATA_25.06.2026_16h_MODEL_25.06.2026_16h
Dispositivo: cuda
Carregados 50 modelos para Brasil.
Semanas de entrada: 2025.39 → 2025.52
Semanas preditas:   2025.53 → 2026.03
Descontinuidade detectada: primeira semana cortada = 12
Dados do gráfico exportados: ../results/predictions/DATA_25.06.2026_16h_MODEL_25.06.2026_16h/Brasil_chart_data.csv
Predição salva em: ../results/predictions/DATA_25.06.2026_16h_MODEL_25.06.2026_16h/Brasil_dengue_pred_4plusweeks.csv

Taxa semanal média predita: 300.22 casos/semana
  OK: Brasil

  Predizendo: Acre
data_run_code:  25.06.2026_16h
model_run_code: 25.06.2026_16h
Arquivo encontrado: ../data/25.06.2026_16h_training_data/Acre_time_series_weeks_2014.01-2025.52.csv
Semanas no dataset: 627  (2014.01 → 2025.52)
Saída: ../results/predictions/DATA_25.06.2026_16h_MODEL_25.06.2026_16h
Dispositivo: cuda
Carregados 50 modelos para Acre.
Semanas de entrada: 2025.39 → 2025.52
Semanas preditas:   2025.53 → 2026.03
Descontinuidade detectada: primeira semana cortada = 11
Dados do gráfico exportados: ../results/predictions/DATA_25.06.2026_16h_MODEL_25.06.2026_16h/Acre_chart_data.csv
Predição salva em: ../results/predictions/DATA_25.06.2026_16h_MODEL_25.06.2026_16h/Acre_dengue_pred_4plusweeks.csv

Taxa semanal média predita: 2.60 casos/semana
  OK: Acre

  Predizendo: Alagoas
data_run_code:  25.06.2026_16h
model_run_code: 25.06.2026_16h
Arquivo encontrado: ../data/25.06.2026_16h_training_data/Alagoas_time_series_weeks_2014.01-2025.52.csv
Semanas no dataset: 627  (2014.01 → 2025.52)
Saída: ../results/predictions/DATA_25.06.2026_16h_MODEL_25.06.2026_16h
Dispositivo: cuda
Carregados 50 modelos para Alagoas.
Semanas de entrada: 2025.39 → 2025.52
Semanas preditas:   2025.53 → 2026.03
Dados do gráfico exportados: ../results/predictions/DATA_25.06.2026_16h_MODEL_25.06.2026_16h/Alagoas_chart_data.csv
Predição salva em: ../results/predictions/DATA_25.06.2026_16h_MODEL_25.06.2026_16h/Alagoas_dengue_pred_4plusweeks.csv

Taxa semanal média predita: -4.18 casos/semana
  OK: Alagoas

  Predizendo: Amazonas
data_run_code:  25.06.2026_16h
model_run_code: 25.06.2026_16h
Arquivo encontrado: ../data/25.06.2026_16h_training_data/Amazonas_time_series_weeks_2014.01-2025.52.csv
Semanas no dataset: 627  (2014.01 → 2025.52)
Saída: ../results/predictions/DATA_25.06.2026_16h_MODEL_25.06.2026_16h
Dispositivo: cuda
Carregados 50 modelos para Amazonas.
Semanas de entrada: 2025.39 → 2025.52
Semanas preditas:   2025.53 → 2026.03
Descontinuidade detectada: primeira semana cortada = 10
Dados do gráfico exportados: ../results/predictions/DATA_25.06.2026_16h_MODEL_25.06.2026_16h/Amazonas_chart_data.csv
Predição salva em: ../results/predictions/DATA_25.06.2026_16h_MODEL_25.06.2026_16h/Amazonas_dengue_pred_4plusweeks.csv

Taxa semanal média predita: -1.46 casos/semana
  OK: Amazonas

  Predizendo: Bahia
data_run_code:  25.06.2026_16h
model_run_code: 25.06.2026_16h
Arquivo encontrado: ../data/25.06.2026_16h_training_data/Bahia_time_series_weeks_2014.01-2025.52.csv
Semanas no dataset: 627  (2014.01 → 2025.52)
Saída: ../results/predictions/DATA_25.06.2026_16h_MODEL_25.06.2026_16h
Dispositivo: cuda
Carregados 50 modelos para Bahia.
Semanas de entrada: 2025.39 → 2025.52
Semanas preditas:   2025.53 → 2026.03
Descontinuidade detectada: primeira semana cortada = 12
Dados do gráfico exportados: ../results/predictions/DATA_25.06.2026_16h_MODEL_25.06.2026_16h/Bahia_chart_data.csv
Predição salva em: ../results/predictions/DATA_25.06.2026_16h_MODEL_25.06.2026_16h/Bahia_dengue_pred_4plusweeks.csv

Taxa semanal média predita: -0.49 casos/semana
  OK: Bahia

  Predizendo: Ceara
data_run_code:  25.06.2026_16h
model_run_code: 25.06.2026_16h
Arquivo encontrado: ../data/25.06.2026_16h_training_data/Ceara_time_series_weeks_2014.01-2025.52.csv
Semanas no dataset: 627  (2014.01 → 2025.52)
Saída: ../results/predictions/DATA_25.06.2026_16h_MODEL_25.06.2026_16h
Dispositivo: cuda
Carregados 50 modelos para Ceara.
Semanas de entrada: 2025.39 → 2025.52
Semanas preditas:   2025.53 → 2026.03
Dados do gráfico exportados: ../results/predictions/DATA_25.06.2026_16h_MODEL_25.06.2026_16h/Ceara_chart_data.csv
Predição salva em: ../results/predictions/DATA_25.06.2026_16h_MODEL_25.06.2026_16h/Ceara_dengue_pred_4plusweeks.csv

Taxa semanal média predita: 1.36 casos/semana
  OK: Ceara

  Predizendo: Distrito Federal
data_run_code:  25.06.2026_16h
model_run_code: 25.06.2026_16h
Arquivo encontrado: ../data/25.06.2026_16h_training_data/Distrito Federal_time_series_weeks_2014.01-2025.52.csv
Semanas no dataset: 627  (2014.01 → 2025.52)
Saída: ../results/predictions/DATA_25.06.2026_16h_MODEL_25.06.2026_16h
Dispositivo: cuda
Carregados 50 modelos para Distrito Federal.
Semanas de entrada: 2025.39 → 2025.52
Semanas preditas:   2025.53 → 2026.03
Descontinuidade detectada: primeira semana cortada = 11
Dados do gráfico exportados: ../results/predictions/DATA_25.06.2026_16h_MODEL_25.06.2026_16h/Distrito Federal_chart_data.csv
Predição salva em: ../results/predictions/DATA_25.06.2026_16h_MODEL_25.06.2026_16h/Distrito Federal_dengue_pred_4plusweeks.csv

Taxa semanal média predita: 12.95 casos/semana
  OK: Distrito Federal

  Predizendo: Espirito Santo
data_run_code:  25.06.2026_16h
model_run_code: 25.06.2026_16h
Arquivo encontrado: ../data/25.06.2026_16h_training_data/Espirito Santo_time_series_weeks_2014.01-2025.52.csv
Semanas no dataset: 627  (2014.01 → 2025.52)
Saída: ../results/predictions/DATA_25.06.2026_16h_MODEL_25.06.2026_16h
Dispositivo: cuda
Carregados 50 modelos para Espirito Santo.
Semanas de entrada: 2025.39 → 2025.52
Semanas preditas:   2025.53 → 2026.03
Descontinuidade detectada: primeira semana cortada = 12
Dados do gráfico exportados: ../results/predictions/DATA_25.06.2026_16h_MODEL_25.06.2026_16h/Espirito Santo_chart_data.csv
Predição salva em: ../results/predictions/DATA_25.06.2026_16h_MODEL_25.06.2026_16h/Espirito Santo_dengue_pred_4plusweeks.csv

Taxa semanal média predita: 4.43 casos/semana
  OK: Espirito Santo

  Predizendo: Goais
data_run_code:  25.06.2026_16h
model_run_code: 25.06.2026_16h
Arquivo encontrado: ../data/25.06.2026_16h_training_data/Goais_time_series_weeks_2014.01-2025.52.csv
Semanas no dataset: 627  (2014.01 → 2025.52)
Saída: ../results/predictions/DATA_25.06.2026_16h_MODEL_25.06.2026_16h
Dispositivo: cuda
Carregados 50 modelos para Goais.
Semanas de entrada: 2025.39 → 2025.52
Semanas preditas:   2025.53 → 2026.03
Descontinuidade detectada: primeira semana cortada = 10
Dados do gráfico exportados: ../results/predictions/DATA_25.06.2026_16h_MODEL_25.06.2026_16h/Goais_chart_data.csv
Predição salva em: ../results/predictions/DATA_25.06.2026_16h_MODEL_25.06.2026_16h/Goais_dengue_pred_4plusweeks.csv

Taxa semanal média predita: 65.95 casos/semana
  OK: Goais

  Predizendo: Maranhao
data_run_code:  25.06.2026_16h
model_run_code: 25.06.2026_16h
Arquivo encontrado: ../data/25.06.2026_16h_training_data/Maranhao_time_series_weeks_2014.01-2025.52.csv
Semanas no dataset: 627  (2014.01 → 2025.52)
Saída: ../results/predictions/DATA_25.06.2026_16h_MODEL_25.06.2026_16h
Dispositivo: cuda
Carregados 50 modelos para Maranhao.
Semanas de entrada: 2025.39 → 2025.52
Semanas preditas:   2025.53 → 2026.03
Dados do gráfico exportados: ../results/predictions/DATA_25.06.2026_16h_MODEL_25.06.2026_16h/Maranhao_chart_data.csv
Predição salva em: ../results/predictions/DATA_25.06.2026_16h_MODEL_25.06.2026_16h/Maranhao_dengue_pred_4plusweeks.csv

Taxa semanal média predita: -0.08 casos/semana
  OK: Maranhao

  Predizendo: Minas Gerais
data_run_code:  25.06.2026_16h
model_run_code: 25.06.2026_16h
Arquivo encontrado: ../data/25.06.2026_16h_training_data/Minas Gerais_time_series_weeks_2014.01-2025.52.csv
Semanas no dataset: 627  (2014.01 → 2025.52)
Saída: ../results/predictions/DATA_25.06.2026_16h_MODEL_25.06.2026_16h
Dispositivo: cuda
Carregados 50 modelos para Minas Gerais.
Semanas de entrada: 2025.39 → 2025.52
Semanas preditas:   2025.53 → 2026.03
Descontinuidade detectada: primeira semana cortada = 12
Dados do gráfico exportados: ../results/predictions/DATA_25.06.2026_16h_MODEL_25.06.2026_16h/Minas Gerais_chart_data.csv
Predição salva em: ../results/predictions/DATA_25.06.2026_16h_MODEL_25.06.2026_16h/Minas Gerais_dengue_pred_4plusweeks.csv

Taxa semanal média predita: 59.66 casos/semana
  OK: Minas Gerais

  Predizendo: Mato Grosso do Sul
data_run_code:  25.06.2026_16h
model_run_code: 25.06.2026_16h
Arquivo encontrado: ../data/25.06.2026_16h_training_data/Mato Grosso do Sul_time_series_weeks_2014.01-2025.52.csv
Semanas no dataset: 627  (2014.01 → 2025.52)
Saída: ../results/predictions/DATA_25.06.2026_16h_MODEL_25.06.2026_16h
Dispositivo: cuda
Carregados 50 modelos para Mato Grosso do Sul.
Semanas de entrada: 2025.39 → 2025.52
Semanas preditas:   2025.53 → 2026.03
Dados do gráfico exportados: ../results/predictions/DATA_25.06.2026_16h_MODEL_25.06.2026_16h/Mato Grosso do Sul_chart_data.csv
Predição salva em: ../results/predictions/DATA_25.06.2026_16h_MODEL_25.06.2026_16h/Mato Grosso do Sul_dengue_pred_4plusweeks.csv

Taxa semanal média predita: 3.43 casos/semana
  OK: Mato Grosso do Sul

  Predizendo: Mato Grosso
data_run_code:  25.06.2026_16h
model_run_code: 25.06.2026_16h
Arquivo encontrado: ../data/25.06.2026_16h_training_data/Mato Grosso_time_series_weeks_2014.01-2025.52.csv
Semanas no dataset: 627  (2014.01 → 2025.52)
Saída: ../results/predictions/DATA_25.06.2026_16h_MODEL_25.06.2026_16h
Dispositivo: cuda
Carregados 100 modelos para Mato Grosso.
Semanas de entrada: 2025.39 → 2025.52
Semanas preditas:   2025.53 → 2026.03
Descontinuidade detectada: primeira semana cortada = 12
Dados do gráfico exportados: ../results/predictions/DATA_25.06.2026_16h_MODEL_25.06.2026_16h/Mato Grosso_chart_data.csv
Predição salva em: ../results/predictions/DATA_25.06.2026_16h_MODEL_25.06.2026_16h/Mato Grosso_dengue_pred_4plusweeks.csv

Taxa semanal média predita: 26.93 casos/semana
  OK: Mato Grosso

  Predizendo: Paraiba
data_run_code:  25.06.2026_16h
model_run_code: 25.06.2026_16h
Arquivo encontrado: ../data/25.06.2026_16h_training_data/Paraiba_time_series_weeks_2014.01-2025.52.csv
Semanas no dataset: 627  (2014.01 → 2025.52)
Saída: ../results/predictions/DATA_25.06.2026_16h_MODEL_25.06.2026_16h
Dispositivo: cuda
Carregados 50 modelos para Paraiba.
Semanas de entrada: 2025.39 → 2025.52
Semanas preditas:   2025.53 → 2026.03
Descontinuidade detectada: primeira semana cortada = 12
Dados do gráfico exportados: ../results/predictions/DATA_25.06.2026_16h_MODEL_25.06.2026_16h/Paraiba_chart_data.csv
Predição salva em: ../results/predictions/DATA_25.06.2026_16h_MODEL_25.06.2026_16h/Paraiba_dengue_pred_4plusweeks.csv

Taxa semanal média predita: -0.91 casos/semana
  OK: Paraiba

  Predizendo: Pernambuco
data_run_code:  25.06.2026_16h
model_run_code: 25.06.2026_16h
Arquivo encontrado: ../data/25.06.2026_16h_training_data/Pernambuco_time_series_weeks_2014.01-2025.52.csv
Semanas no dataset: 627  (2014.01 → 2025.52)
Saída: ../results/predictions/DATA_25.06.2026_16h_MODEL_25.06.2026_16h
Dispositivo: cuda
Carregados 50 modelos para Pernambuco.
Semanas de entrada: 2025.39 → 2025.52
Semanas preditas:   2025.53 → 2026.03
Dados do gráfico exportados: ../results/predictions/DATA_25.06.2026_16h_MODEL_25.06.2026_16h/Pernambuco_chart_data.csv
Predição salva em: ../results/predictions/DATA_25.06.2026_16h_MODEL_25.06.2026_16h/Pernambuco_dengue_pred_4plusweeks.csv

Taxa semanal média predita: -4.84 casos/semana
  OK: Pernambuco

  Predizendo: Piaui
data_run_code:  25.06.2026_16h
model_run_code: 25.06.2026_16h
Arquivo encontrado: ../data/25.06.2026_16h_training_data/Piaui_time_series_weeks_2014.01-2025.52.csv
Semanas no dataset: 627  (2014.01 → 2025.52)
Saída: ../results/predictions/DATA_25.06.2026_16h_MODEL_25.06.2026_16h
Dispositivo: cuda
Carregados 50 modelos para Piaui.
Semanas de entrada: 2025.39 → 2025.52
Semanas preditas:   2025.53 → 2026.03
Dados do gráfico exportados: ../results/predictions/DATA_25.06.2026_16h_MODEL_25.06.2026_16h/Piaui_chart_data.csv
Predição salva em: ../results/predictions/DATA_25.06.2026_16h_MODEL_25.06.2026_16h/Piaui_dengue_pred_4plusweeks.csv

Taxa semanal média predita: -0.06 casos/semana
  OK: Piaui

  Predizendo: Parana
data_run_code:  25.06.2026_16h
model_run_code: 25.06.2026_16h
Arquivo encontrado: ../data/25.06.2026_16h_training_data/Parana_time_series_weeks_2014.01-2025.52.csv
Semanas no dataset: 627  (2014.01 → 2025.52)
Saída: ../results/predictions/DATA_25.06.2026_16h_MODEL_25.06.2026_16h
Dispositivo: cuda
Carregados 50 modelos para Parana.
Semanas de entrada: 2025.39 → 2025.52
Semanas preditas:   2025.53 → 2026.03
Descontinuidade detectada: primeira semana cortada = 13
Dados do gráfico exportados: ../results/predictions/DATA_25.06.2026_16h_MODEL_25.06.2026_16h/Parana_chart_data.csv
Predição salva em: ../results/predictions/DATA_25.06.2026_16h_MODEL_25.06.2026_16h/Parana_dengue_pred_4plusweeks.csv

Taxa semanal média predita: 27.06 casos/semana
  OK: Parana

  Predizendo: Rio de Janeiro
data_run_code:  25.06.2026_16h
model_run_code: 25.06.2026_16h
Arquivo encontrado: ../data/25.06.2026_16h_training_data/Rio de Janeiro_time_series_weeks_2014.01-2025.52.csv
Semanas no dataset: 627  (2014.01 → 2025.52)
Saída: ../results/predictions/DATA_25.06.2026_16h_MODEL_25.06.2026_16h
Dispositivo: cuda
Carregados 50 modelos para Rio de Janeiro.
Semanas de entrada: 2025.39 → 2025.52
Semanas preditas:   2025.53 → 2026.03
Descontinuidade detectada: primeira semana cortada = 12
Dados do gráfico exportados: ../results/predictions/DATA_25.06.2026_16h_MODEL_25.06.2026_16h/Rio de Janeiro_chart_data.csv
Predição salva em: ../results/predictions/DATA_25.06.2026_16h_MODEL_25.06.2026_16h/Rio de Janeiro_dengue_pred_4plusweeks.csv

Taxa semanal média predita: 12.80 casos/semana
  OK: Rio de Janeiro

  Predizendo: Rio Grande do Norte
data_run_code:  25.06.2026_16h
model_run_code: 25.06.2026_16h
Arquivo encontrado: ../data/25.06.2026_16h_training_data/Rio Grande do Norte_time_series_weeks_2014.01-2025.52.csv
Semanas no dataset: 627  (2014.01 → 2025.52)
Saída: ../results/predictions/DATA_25.06.2026_16h_MODEL_25.06.2026_16h
Dispositivo: cuda
Carregados 50 modelos para Rio Grande do Norte.
Semanas de entrada: 2025.39 → 2025.52
Semanas preditas:   2025.53 → 2026.03
Dados do gráfico exportados: ../results/predictions/DATA_25.06.2026_16h_MODEL_25.06.2026_16h/Rio Grande do Norte_chart_data.csv
Predição salva em: ../results/predictions/DATA_25.06.2026_16h_MODEL_25.06.2026_16h/Rio Grande do Norte_dengue_pred_4plusweeks.csv

Taxa semanal média predita: 0.38 casos/semana
  OK: Rio Grande do Norte

  Predizendo: Rondonia
data_run_code:  25.06.2026_16h
model_run_code: 25.06.2026_16h
Arquivo encontrado: ../data/25.06.2026_16h_training_data/Rondonia_time_series_weeks_2014.01-2025.52.csv
Semanas no dataset: 627  (2014.01 → 2025.52)
Saída: ../results/predictions/DATA_25.06.2026_16h_MODEL_25.06.2026_16h
Dispositivo: cuda
Carregados 50 modelos para Rondonia.
Semanas de entrada: 2025.39 → 2025.52
Semanas preditas:   2025.53 → 2026.03
Descontinuidade detectada: primeira semana cortada = 12
Dados do gráfico exportados: ../results/predictions/DATA_25.06.2026_16h_MODEL_25.06.2026_16h/Rondonia_chart_data.csv
Predição salva em: ../results/predictions/DATA_25.06.2026_16h_MODEL_25.06.2026_16h/Rondonia_dengue_pred_4plusweeks.csv

Taxa semanal média predita: 5.61 casos/semana
  OK: Rondonia

  Predizendo: Roraima
data_run_code:  25.06.2026_16h
model_run_code: 25.06.2026_16h
Arquivo encontrado: ../data/25.06.2026_16h_training_data/Roraima_time_series_weeks_2014.01-2025.52.csv
Semanas no dataset: 627  (2014.01 → 2025.52)
Saída: ../results/predictions/DATA_25.06.2026_16h_MODEL_25.06.2026_16h
Dispositivo: cuda
Carregados 50 modelos para Roraima.
Semanas de entrada: 2025.39 → 2025.52
Semanas preditas:   2025.53 → 2026.03
Descontinuidade detectada: primeira semana cortada = 12
Dados do gráfico exportados: ../results/predictions/DATA_25.06.2026_16h_MODEL_25.06.2026_16h/Roraima_chart_data.csv
Predição salva em: ../results/predictions/DATA_25.06.2026_16h_MODEL_25.06.2026_16h/Roraima_dengue_pred_4plusweeks.csv

Taxa semanal média predita: -0.26 casos/semana
  OK: Roraima

  Predizendo: Sergipe
data_run_code:  25.06.2026_16h
model_run_code: 25.06.2026_16h
Arquivo encontrado: ../data/25.06.2026_16h_training_data/Sergipe_time_series_weeks_2014.01-2025.52.csv
Semanas no dataset: 627  (2014.01 → 2025.52)
Saída: ../results/predictions/DATA_25.06.2026_16h_MODEL_25.06.2026_16h
Dispositivo: cuda
Carregados 50 modelos para Sergipe.
Semanas de entrada: 2025.39 → 2025.52
Semanas preditas:   2025.53 → 2026.03
Descontinuidade detectada: primeira semana cortada = 11
Dados do gráfico exportados: ../results/predictions/DATA_25.06.2026_16h_MODEL_25.06.2026_16h/Sergipe_chart_data.csv
Predição salva em: ../results/predictions/DATA_25.06.2026_16h_MODEL_25.06.2026_16h/Sergipe_dengue_pred_4plusweeks.csv

Taxa semanal média predita: 0.27 casos/semana
  OK: Sergipe

  Predizendo: Sao Paulo
data_run_code:  25.06.2026_16h
model_run_code: 25.06.2026_16h
Arquivo encontrado: ../data/25.06.2026_16h_training_data/Sao Paulo_time_series_weeks_2014.01-2025.52.csv
Semanas no dataset: 627  (2014.01 → 2025.52)
Saída: ../results/predictions/DATA_25.06.2026_16h_MODEL_25.06.2026_16h
Dispositivo: cuda
Carregados 50 modelos para Sao Paulo.
Semanas de entrada: 2025.39 → 2025.52
Semanas preditas:   2025.53 → 2026.03
Descontinuidade detectada: primeira semana cortada = 12
Dados do gráfico exportados: ../results/predictions/DATA_25.06.2026_16h_MODEL_25.06.2026_16h/Sao Paulo_chart_data.csv
Predição salva em: ../results/predictions/DATA_25.06.2026_16h_MODEL_25.06.2026_16h/Sao Paulo_dengue_pred_4plusweeks.csv

Taxa semanal média predita: 197.32 casos/semana
  OK: Sao Paulo

  Predizendo: Tocantins
data_run_code:  25.06.2026_16h
model_run_code: 25.06.2026_16h
Arquivo encontrado: ../data/25.06.2026_16h_training_data/Tocantins_time_series_weeks_2014.01-2025.52.csv
Semanas no dataset: 627  (2014.01 → 2025.52)
Saída: ../results/predictions/DATA_25.06.2026_16h_MODEL_25.06.2026_16h
Dispositivo: cuda
Carregados 50 modelos para Tocantins.
Semanas de entrada: 2025.39 → 2025.52
Semanas preditas:   2025.53 → 2026.03
Dados do gráfico exportados: ../results/predictions/DATA_25.06.2026_16h_MODEL_25.06.2026_16h/Tocantins_chart_data.csv
Predição salva em: ../results/predictions/DATA_25.06.2026_16h_MODEL_25.06.2026_16h/Tocantins_dengue_pred_4plusweeks.csv

Taxa semanal média predita: 1.58 casos/semana
  OK: Tocantins

  Predizendo: Amapa
data_run_code:  25.06.2026_16h
model_run_code: 25.06.2026_16h
Arquivo encontrado: ../data/25.06.2026_16h_training_data/Amapa_time_series_weeks_2014.01-2025.52.csv
Semanas no dataset: 627  (2014.01 → 2025.52)
Saída: ../results/predictions/DATA_25.06.2026_16h_MODEL_25.06.2026_16h
Dispositivo: cuda
Carregados 50 modelos para Amapa.
Semanas de entrada: 2025.39 → 2025.52
Semanas preditas:   2025.53 → 2026.03
Dados do gráfico exportados: ../results/predictions/DATA_25.06.2026_16h_MODEL_25.06.2026_16h/Amapa_chart_data.csv
Predição salva em: ../results/predictions/DATA_25.06.2026_16h_MODEL_25.06.2026_16h/Amapa_dengue_pred_4plusweeks.csv

Taxa semanal média predita: 0.02 casos/semana
  OK: Amapa

  Predizendo: Rio Grande do Sul
data_run_code:  25.06.2026_16h
model_run_code: 25.06.2026_16h
Arquivo encontrado: ../data/25.06.2026_16h_training_data/Rio Grande do Sul_time_series_weeks_2014.01-2025.52.csv
Semanas no dataset: 627  (2014.01 → 2025.52)
Saída: ../results/predictions/DATA_25.06.2026_16h_MODEL_25.06.2026_16h
Dispositivo: cuda
Carregados 50 modelos para Rio Grande do Sul.
Semanas de entrada: 2025.39 → 2025.52
Semanas preditas:   2025.53 → 2026.03
Descontinuidade detectada: primeira semana cortada = 13
Dados do gráfico exportados: ../results/predictions/DATA_25.06.2026_16h_MODEL_25.06.2026_16h/Rio Grande do Sul_chart_data.csv
Predição salva em: ../results/predictions/DATA_25.06.2026_16h_MODEL_25.06.2026_16h/Rio Grande do Sul_dengue_pred_4plusweeks.csv

Taxa semanal média predita: -0.50 casos/semana
  OK: Rio Grande do Sul

  Predizendo: Santa Catarina
data_run_code:  25.06.2026_16h
model_run_code: 25.06.2026_16h
Arquivo encontrado: ../data/25.06.2026_16h_training_data/Santa Catarina_time_series_weeks_2014.01-2025.52.csv
Semanas no dataset: 627  (2014.01 → 2025.52)
Saída: ../results/predictions/DATA_25.06.2026_16h_MODEL_25.06.2026_16h
Dispositivo: cuda
Carregados 50 modelos para Santa Catarina.
Semanas de entrada: 2025.39 → 2025.52
Semanas preditas:   2025.53 → 2026.03
Descontinuidade detectada: primeira semana cortada = 12
Dados do gráfico exportados: ../results/predictions/DATA_25.06.2026_16h_MODEL_25.06.2026_16h/Santa Catarina_chart_data.csv
Predição salva em: ../results/predictions/DATA_25.06.2026_16h_MODEL_25.06.2026_16h/Santa Catarina_dengue_pred_4plusweeks.csv

Taxa semanal média predita: 0.55 casos/semana
  OK: Santa Catarina

  Predizendo: Para
data_run_code:  25.06.2026_16h
model_run_code: 25.06.2026_16h
Arquivo encontrado: ../data/25.06.2026_16h_training_data/Para_time_series_weeks_2014.01-2025.52.csv
Semanas no dataset: 627  (2014.01 → 2025.52)
Saída: ../results/predictions/DATA_25.06.2026_16h_MODEL_25.06.2026_16h
Dispositivo: cuda
Carregados 150 modelos para Para.
Semanas de entrada: 2025.39 → 2025.52
Semanas preditas:   2025.53 → 2026.03
Dados do gráfico exportados: ../results/predictions/DATA_25.06.2026_16h_MODEL_25.06.2026_16h/Para_chart_data.csv
Predição salva em: ../results/predictions/DATA_25.06.2026_16h_MODEL_25.06.2026_16h/Para_dengue_pred_4plusweeks.csv

Taxa semanal média predita: 0.99 casos/semana
  OK: Para

========================================================
  PIPELINE CONCLUÍDO — 25/06/2026 16:34:35
  Falhas no treinamento : 0
  Falhas na predição    : 0
  Log completo          : /home/christian/Scientific_Initiation_Dashboard/Dashboard/DENGUE_PIPELINE 2 DEPLOY EMPTY (1)(1)/DENGUE_PIPELINE 2 DEPLOY EMPTY/bash_scripts/pipeline_output.log
========================================================
